Country,Year,"Annual freshwater withdrawals, total (% of internal resources)","Annual freshwater withdrawals, total (billion cubic meters)",Level of water stress: freshwater withdrawal as a proportion of available freshwater resources,People using at least basic drinking water services (% of population),Households with water 30 minutes or longer away round trip (%),Households with water less than 30 minutes away round trip (%),Households with water on the premises (%),People using safely managed drinking water services (% of population),"Population, total",Public private partnerships investment in water and sanitation (current US$),Investment in water and sanitation with private participation (current US$),Expected to give gifts to get a water connection (% of firms),Percent of firms expected to give gifts to get a water connection,Delay in obtaining a water connections (days),Number of water insufficiencies in a typical month,Renewable internal freshwater resources per capita (cubic meters),"Renewable internal freshwater resources, total (billion cubic meters)",worldbank IncomeGroup
Afghanistan,2000,0.0,20.28,0.0,27.7718968294813,0.0,0.0,0.0,0.0,20779953.0,0.0,0.0,0.0,0.0,0.0,0.0,0.0,0.0,LDCs
Afghanistan,2001,0.0,0.0,0.0,27.7972561390736,0.0,0.0,0.0,0.0,21606988.0,0.0,0.0,0.0,0.0,0.0,0.0,0.0,0.0,LDCs
Afghanistan,2002,43.0116648992577,0.0,0.0,29.9007630194185,0.0,0.0,0.0,0.0,22600770.0,0.0,0.0,0.0,0.0,0.0,0.0,2086.21210693264,47.15,LDCs
Afghanistan,2003,0.0,0.0,0.0,32.0050750124616,0.0,0.0,0.0,0.0,23680871.0,0.0,0.0,0.0,0.0,0.0,0.0,0.0,0.0,LDCs
Afghanistan,2004,0.0,0.0,0.0,34.1262340113876,0.0,0.0,0.0,0.0,24726684.0,0.0,0.0,0.0,0.0,0.0,0.0,0.0,0.0,LDCs
Afghanistan,2005,0.0,0.0,0.0,36.2652606739186,0.0,0.0,0.0,0.0,25654277.0,0.0,0.0,0.0,0.0,0.0,0.0,0.0,0.0,LDCs
Afghanistan,2006,0.0,0.0,0.0,38.4063573194182,0.0,0.0,0.0,0.0,26433049.0,0.0,0.0,0.0,0.0,0.0,0.0,0.0,0.0,LDCs
Afghanistan,2007,0.0,0.0,0.0,40.844181451178,0.0,0.0,0.0,0.0,27100536.0,0.0,0.0,0.0,0.0,0.0,0.0,1739.81798736379,47.15,LDCs
Afghanistan,2008,0.0,0.0,0.0,43.315058867851,0.0,0.0,0.0,0.0,27722276.0,0.0,0.0,0.0,18.2,0.0,1.4,0.0,0.0,LDCs
Afghanistan,2009,0.0,0.0,0.0,45.8190881970419,0.0,0.0,0.0,0.0,28394813.0,0.0,0.0,0.0,0.0,0.0,0.0,0.0,0.0,LDCs
Afghanistan,2010,0.0,0.0,0.0,48.3563600604649,0.0,0.0,0.0,0.0,29185507.0,0.0,0.0,0.0,0.0,0.0,0.0,0.0,0.0,LDCs
Afghanistan,2011,0.0,0.0,0.0,50.9273073282852,0.0,0.0,0.0,0.0,30117413.0,0.0,0.0,0.0,0.0,0.0,0.0,0.0,0.0,LDCs
Afghanistan,2012,0.0,0.0,0.0,53.5317041603749,0.0,0.0,0.0,0.0,31161376.0,0.0,0.0,0.0,0.0,0.0,0.0,1513.09107787795,47.15,LDCs
Afghanistan,2013,0.0,0.0,0.0,56.1696450791411,0.0,0.0,0.0,0.0,32269589.0,0.0,0.0,0.0,0.0,0.0,0.0,0.0,0.0,LDCs
Afghanistan,2014,0.0,0.0,43.670393,58.8412323271526,0.0,0.0,0.0,0.0,33370794.0,0.0,0.0,0.0,79.3,0.0,0.9,1412.91214107761,47.15,LDCs
Afghanistan,2015,0.0,0.0,0.0,61.5469297111081,8.2,45.2,45.3,0.0,34413603.0,0.0,0.0,0.0,0.0,0.0,0.0,0.0,0.0,LDCs
Afghanistan,2016,0.0,0.0,0.0,64.2864836343148,0.0,0.0,0.0,0.0,35383128.0,0.0,0.0,0.0,0.0,0.0,0.0,0.0,0.0,LDCs
Afghanistan,2017,0.0,0.0,0.0,67.0646234205214,0.0,0.0,0.0,0.0,36296400.0,0.0,0.0,0.0,0.0,0.0,0.0,0.0,0.0,LDCs
Angola,2000,0.0,0.6404,0.0,41.1443091321417,0.0,0.0,0.0,0.0,16395473.0,0.0,0.0,0.0,0.0,0.0,0.0,0.0,0.0,LDCs
Angola,2001,0.0,0.0,0.0,42.2546732241249,0.0,0.0,0.0,0.0,16945753.0,0.0,0.0,0.0,0.0,0.0,0.0,0.0,0.0,LDCs
Angola,2002,0.432702702702703,0.0,0.0,43.3767998591689,0.0,0.0,0.0,0.0,17519417.0,0.0,0.0,0.0,0.0,0.0,0.0,8447.7696946194,148.0,LDCs
Angola,2003,0.0,0.0,0.0,44.3638718121643,0.0,0.0,0.0,0.0,18121479.0,0.0,0.0,0.0,0.0,0.0,0.0,0.0,0.0,LDCs
Armenia,2000,0.0,0.0,0.0,95.1335078209685,2.5,9.4,88.0,29.5975624256855,3069591.0,0.0,0.0,0.0,0.0,0.0,0.0,0.0,0.0,LDCs
Armenia,2001,0.0,0.0,0.0,95.4193047530968,0.0,0.0,0.0,29.7428187867187,3050687.0,0.0,0.0,0.0,0.0,0.0,0.0,0.0,0.0,LDCs
Azerbaijan,2000,0.0,0.0,0.0,73.3804994316201,0.0,0.0,0.0,49.6776780218269,8048600.0,0.0,0.0,0.0,0.0,0.0,0.0,0.0,0.0,LDCs
Azerbaijan,2001,0.0,0.0,0.0,74.8177544104346,0.0,0.0,0.0,50.1333219375612,8111200.0,0.0,0.0,0.0,0.0,0.0,0.0,0.0,0.0,LDCs
Azerbaijan,2002,124.091189155884,10.07,0.0,76.2675985150917,0.0,0.0,0.0,50.5862728855835,8171950.0,0.0,0.0,0.0,0.0,0.0,0.0,993.031039103274,8.115,LDCs
Burundi,2000,0.0,0.288,0.0,50.6631188534789,0.0,0.0,0.0,0.0,6378871.0,0.0,0.0,0.0,0.0,0.0,0.0,0.0,0.0,LDCs
Burundi,2001,0.0,0.0,0.0,51.2344746070724,0.0,0.0,0.0,0.0,6525545.0,0.0,0.0,0.0,0.0,0.0,0.0,0.0,0.0,LDCs
Burundi,2002,2.86282306163022,0.0,0.0,51.8093329721341,0.0,0.0,0.0,0.0,6704113.0,0.0,0.0,0.0,0.0,0.0,0.0,1500.57136566761,10.06,LDCs
Burundi,2003,0.0,0.0,0.0,52.3873280037004,0.0,0.0,0.0,0.0,6909154.0,0.0,0.0,0.0,0.0,0.0,0.0,0.0,0.0,LDCs
Burundi,2004,0.0,0.0,0.0,52.9684344713518,0.0,0.0,0.0,0.0,7131693.0,0.0,0.0,0.0,0.0,0.0,0.0,0.0,0.0,LDCs
Burundi,2005,0.0,0.0,0.0,53.5526293963016,0.0,0.0,0.0,0.0,7364862.0,0.0,0.0,0.0,0.0,0.0,0.0,0.0,0.0,LDCs
Burundi,2006,0.0,0.0,0.0,54.1402313593146,0.0,0.0,0.0,0.0,7607849.0,0.0,0.0,0.0,0.0,0.0,1.8,0.0,0.0,LDCs
Burundi,2007,0.0,0.0,0.0,54.7308703344975,0.0,0.0,0.0,0.0,7862214.0,0.0,0.0,0.0,0.0,0.0,0.0,1279.53779940358,10.06,LDCs
Burundi,2008,0.0,0.0,0.0,55.32519876027,0.0,0.0,0.0,0.0,8126102.0,0.0,0.0,0.0,0.0,0.0,0.0,0.0,0.0,LDCs
Burundi,2009,0.0,0.0,0.0,55.9221755867471,0.0,0.0,0.0,0.0,8397668.0,0.0,0.0,0.0,0.0,0.0,0.0,0.0,0.0,LDCs
Burundi,2010,0.0,0.0,0.0,56.5231191725312,30.1,63.6,5.0,0.0,8675602.0,0.0,0.0,0.0,0.0,0.0,0.0,0.0,0.0,LDCs
Burundi,2011,0.0,0.0,0.0,57.1276616090397,0.0,0.0,0.0,0.0,8958406.0,0.0,0.0,0.0,0.0,0.0,0.0,0.0,0.0,LDCs
Burundi,2012,0.0,0.0,0.0,57.7354344073355,25.7,69.0,5.1,0.0,9245988.0,0.0,0.0,0.0,0.0,0.0,0.0,1088.03948263831,10.06,LDCs
Burundi,2013,0.0,0.0,0.0,58.3474079884886,0.0,0.0,0.0,0.0,9540289.0,0.0,0.0,0.0,0.0,0.0,0.0,0.0,0.0,LDCs
Burundi,2014,0.0,0.0,3.088507,58.9625393204856,0.0,0.0,0.0,0.0,9844297.0,0.0,0.0,0.0,51.5,0.0,2.9,1021.91146813226,10.06,LDCs
Burundi,2015,0.0,0.0,0.0,59.5814674031405,0.0,0.0,0.0,0.0,10160030.0,0.0,0.0,0.0,0.0,0.0,0.0,0.0,0.0,LDCs
Burundi,2016,0.0,0.0,0.0,60.2041520313755,0.0,0.0,0.0,0.0,10487998.0,0.0,0.0,0.0,0.0,0.0,0.0,0.0,0.0,LDCs
Burundi,2017,0.0,0.0,0.0,60.8305489209566,25.5,64.9,9.6,0.0,10827024.0,0.0,0.0,0.0,0.0,0.0,0.0,0.0,0.0,LDCs
Benin,2000,0.0,0.0,0.0,61.4597010883331,0.0,0.0,0.0,0.0,6865951.0,0.0,0.0,0.0,0.0,0.0,0.0,0.0,0.0,LDCs
Benin,2001,0.0,0.13,0.0,61.780225192069,10.2,64.1,25.7,0.0,7076733.0,0.0,0.0,0.0,0.0,0.0,0.0,0.0,0.0,LDCs
Benin,2002,1.2621359223301,0.0,0.0,62.110444409837,0.0,0.0,0.0,0.0,7295394.0,0.0,0.0,0.0,0.0,0.0,0.0,1411.84972326375,10.3,LDCs
Benin,2003,0.0,0.0,0.0,62.4598635936805,0.0,0.0,0.0,0.0,7520555.0,0.0,0.0,0.0,0.0,0.0,0.0,0.0,0.0,LDCs
Benin,2004,0.0,0.0,0.0,62.8017695627785,0.0,0.0,0.0,0.0,7750004.0,0.0,0.0,40.21,0.0,64.01,0.0,0.0,0.0,LDCs
Benin,2005,0.0,0.0,0.0,63.1357611259322,0.0,0.0,0.0,0.0,7982225.0,0.0,0.0,0.0,0.0,0.0,0.0,0.0,0.0,LDCs
Benin,2006,0.0,0.0,0.0,63.4621229608415,11.1,63.1,25.5,0.0,8216897.0,0.0,0.0,0.0,0.0,0.0,0.0,0.0,0.0,LDCs
Benin,2007,0.0,0.0,0.0,63.7811167013581,0.0,0.0,0.0,0.0,8454793.0,0.0,0.0,0.0,0.0,0.0,0.0,1218.24390023505,10.3,LDCs
Benin,2008,0.0,0.0,0.0,64.0925876253334,0.0,0.0,0.0,0.0,8696921.0,0.0,0.0,0.0,0.0,0.0,0.0,0.0,0.0,LDCs
Benin,2009,0.0,0.0,0.0,64.3961776449763,0.0,0.0,0.0,0.0,8944708.0,0.0,0.0,48.3,47.0,86.1,0.9,0.0,0.0,LDCs
Benin,2010,0.0,0.0,0.0,64.6923678002717,0.0,0.0,0.0,0.0,9199259.0,0.0,0.0,0.0,0.0,0.0,0.0,0.0,0.0,LDCs
Benin,2011,0.0,0.0,0.0,64.9812172767171,0.0,0.0,0.0,0.0,9460830.0,0.0,0.0,0.0,0.0,0.0,0.0,0.0,0.0,LDCs
Benin,2012,0.0,0.0,0.0,65.2627858767614,7.0,50.0,38.6,0.0,9729248.0,0.0,0.0,0.0,0.0,0.0,0.0,1058.66352671861,10.3,LDCs
Benin,2013,0.0,0.0,0.0,65.5367577351722,0.0,0.0,0.0,0.0,10004588.0,0.0,0.0,0.0,0.0,0.0,0.0,0.0,0.0,LDCs
Benin,2014,0.0,0.0,0.707898,65.8044993016692,0.0,0.0,0.0,0.0,10286842.0,0.0,0.0,0.0,0.0,0.0,0.0,1001.27910975983,10.3,LDCs
Benin,2015,0.0,0.0,0.0,66.0656513251275,0.0,0.0,0.0,0.0,10575952.0,0.0,0.0,0.0,0.0,0.0,0.0,0.0,0.0,LDCs
Benin,2016,0.0,0.0,0.0,66.3202399725975,0.0,0.0,0.0,0.0,10872067.0,0.0,0.0,0.0,0.0,0.0,1.7,0.0,0.0,LDCs
Benin,2017,0.0,0.0,0.0,66.4147253381272,0.0,0.0,0.0,0.0,11175204.0,0.0,0.0,0.0,0.0,0.0,0.0,0.0,0.0,LDCs
Burkina Faso,2000,0.0,0.0,0.0,54.9195088646821,0.0,0.0,0.0,0.0,11607942.0,0.0,0.0,0.0,0.0,0.0,0.0,0.0,0.0,LDCs
Burkina Faso,2001,0.0,0.7157,0.0,55.0807745246394,0.0,0.0,0.0,0.0,11944587.0,0.0,0.0,0.0,0.0,0.0,0.0,0.0,0.0,LDCs
Burkina Faso,2002,5.7256,0.0,0.0,54.5750445328901,0.0,0.0,0.0,0.0,12293100.0,0.0,0.0,0.0,0.0,0.0,0.0,1016.83057975612,12.5,LDCs
Burkina Faso,2003,0.0,0.0,0.0,54.085774865101,14.1,61.5,24.1,0.0,12654621.0,0.0,0.0,0.0,0.0,0.0,0.0,0.0,0.0,LDCs
Burkina Faso,2004,0.0,0.0,0.0,53.6147678019518,0.0,0.0,0.0,0.0,13030569.0,0.0,0.0,0.0,0.0,0.0,0.0,0.0,0.0,LDCs
Burkina Faso,2005,0.0,0.818,0.0,53.1620090982037,0.0,0.0,0.0,0.0,13421930.0,0.0,0.0,0.0,0.0,0.0,0.0,0.0,0.0,LDCs
Burkina Faso,2006,0.0,0.0,0.0,52.729367476049,0.0,0.0,0.0,0.0,13829176.0,0.0,0.0,16.7,0.0,29.17,0.0,0.0,0.0,LDCs
Burkina Faso,2007,6.544,0.0,0.0,52.2661650321573,0.0,0.0,0.0,0.0,14252021.0,0.0,0.0,0.0,0.0,0.0,0.0,877.068592587676,12.5,LDCs
Burkina Faso,2008,0.0,0.0,0.0,51.7752069423357,0.0,0.0,0.0,0.0,14689725.0,0.0,0.0,0.0,0.0,0.0,0.0,0.0,0.0,LDCs
Burkina Faso,2009,0.0,0.0,0.0,51.2943385309356,0.0,0.0,0.0,0.0,15141098.0,0.0,0.0,5.8,5.8,16.24,0.3,0.0,0.0,LDCs
Burkina Faso,2010,0.0,0.0,0.0,50.8247031622518,14.2,74.2,11.4,0.0,15605217.0,0.0,0.0,0.0,0.0,0.0,0.0,0.0,0.0,LDCs
Burkina Faso,2011,0.0,0.0,0.0,50.3668360384348,0.0,0.0,0.0,0.0,16081911.0,0.0,0.0,0.0,0.0,0.0,0.0,0.0,0.0,LDCs
Burkina Faso,2012,0.0,0.0,0.0,49.9208887249713,0.0,0.0,0.0,0.0,16571246.0,0.0,0.0,0.0,0.0,0.0,0.0,754.318655338289,12.5,LDCs
Burkina Faso,2013,0.0,0.0,0.0,49.4873667702547,0.0,0.0,0.0,0.0,17072775.0,0.0,0.0,0.0,0.0,0.0,0.0,0.0,0.0,LDCs
Burkina Faso,2014,0.0,0.0,9.492213,49.0671799962451,21.9,56.7,16.6,0.0,17586017.0,0.0,0.0,0.0,0.0,0.0,0.0,710.79198888526,12.5,LDCs
Burkina Faso,2015,0.0,0.0,0.0,48.6604569224465,0.0,0.0,0.0,0.0,18110624.0,0.0,0.0,0.0,0.0,0.0,0.0,0.0,0.0,LDCs
Burkina Faso,2016,0.0,0.0,0.0,48.2677168842811,0.0,0.0,0.0,0.0,18646378.0,0.0,0.0,0.0,0.0,0.0,0.0,0.0,0.0,LDCs
Burkina Faso,2017,0.0,0.0,0.0,47.8881273382888,0.0,0.0,0.0,0.0,19193284.0,0.0,0.0,0.0,0.0,0.0,0.0,0.0,0.0,LDCs
Bangladesh,2000,0.0,0.0,0.0,95.2150435775729,0.0,0.0,0.0,55.9067022787062,127657854.0,0.0,0.0,0.0,0.0,0.0,0.0,0.0,0.0,LDCs
Bangladesh,2001,0.0,0.0,0.0,95.386981312192,0.0,0.0,0.0,55.9253224194628,130088702.0,0.0,0.0,0.0,0.0,0.0,0.0,0.0,0.0,LDCs
Bangladesh,2002,0.0,0.0,0.0,95.5634015481931,0.0,0.0,0.0,55.9195044249781,132478086.0,0.0,0.0,0.0,0.0,0.0,0.0,792.583914595505,105.0,LDCs
Bangladesh,2003,0.0,0.0,0.0,95.7378765166701,0.0,0.0,0.0,55.9101392108445,134791603.0,0.0,0.0,0.0,0.0,0.0,0.0,0.0,0.0,LDCs
Bangladesh,2004,0.0,0.0,0.0,95.9102933663008,0.0,0.0,0.0,55.897333024061,136986432.0,0.0,0.0,0.0,0.0,0.0,0.0,0.0,0.0,LDCs
Bangladesh,2005,0.0,0.0,0.0,96.0098753079134,0.0,0.0,0.0,55.8813574294568,139035505.0,0.0,0.0,0.0,0.0,0.0,0.0,0.0,0.0,LDCs
Bangladesh,2006,0.0,0.0,0.0,96.1064091515135,0.0,0.0,0.0,55.8617085212023,140921167.0,0.0,0.0,0.0,0.0,0.0,0.0,0.0,0.0,LDCs
Bangladesh,2007,0.0,0.0,0.0,96.1997685461232,0.0,0.0,0.0,55.838492567862,142660376.0,0.0,0.0,0.0,52.7,0.0,4.3,736.013761803067,105.0,LDCs
Bangladesh,2008,0.0,35.87,0.0,96.2898549962661,0.0,0.0,0.0,55.8118301438606,144304167.0,0.0,0.0,0.0,0.0,0.0,0.0,0.0,0.0,LDCs
Bangladesh,2009,0.0,0.0,0.0,96.3765613689578,0.0,0.0,0.0,55.7818379336461,145924797.0,0.0,0.0,0.0,0.0,0.0,0.0,0.0,0.0,LDCs
Bangladesh,2010,0.0,0.0,0.0,96.4598683607136,0.0,0.0,0.0,55.748158206391,147575430.0,0.0,0.0,0.0,0.0,0.0,0.0,0.0,0.0,LDCs
Bangladesh,2011,0.0,0.0,0.0,96.5396609659598,1.2,27.4,71.4,55.7110761527999,149273778.0,0.0,0.0,0.0,0.0,0.0,0.0,0.0,0.0,LDCs
Bangladesh,2012,34.1619047619048,0.0,0.0,96.6157701028393,0.0,0.0,0.0,55.6713649000337,151007807.0,0.0,0.0,0.0,0.0,0.0,0.0,695.328288556631,105.0,LDCs
Bangladesh,2013,0.0,0.0,0.0,96.6881124446954,0.0,0.0,0.0,55.6296688082204,152764676.0,0.0,0.0,0.0,56.3,0.0,0.7,0.0,0.0,LDCs
Bhutan,2000,0.0,0.0,0.0,82.7364260885696,0.0,0.0,0.0,28.5512940677806,591021.0,0.0,0.0,0.0,0.0,0.0,0.0,0.0,0.0,LDCs
Bhutan,2001,0.0,0.0,0.0,83.9412113666338,0.0,0.0,0.0,29.1216931389348,603640.0,0.0,0.0,0.0,0.0,0.0,0.0,0.0,0.0,LDCs
Bhutan,2002,0.0,0.0,0.0,85.0307652514122,0.0,0.0,0.0,29.6917622552117,616018.0,0.0,0.0,0.0,0.0,0.0,0.0,131489.664263057,81.0,LDCs
Bhutan,2003,0.0,0.0,0.0,86.0974220089552,0.0,0.0,0.0,30.2611985444565,627839.0,0.0,0.0,0.0,0.0,0.0,0.0,0.0,0.0,LDCs
Bhutan,2004,0.0,0.0,0.0,87.1406290040046,0.0,0.0,0.0,30.8299516299005,638815.0,0.0,0.0,0.0,0.0,0.0,0.0,0.0,0.0,LDCs
Bhutan,2005,0.0,0.0,0.0,88.1541935412654,0.0,0.0,0.0,31.3861982607832,648739.0,0.0,0.0,0.0,0.0,0.0,0.0,0.0,0.0,LDCs
Central African Republic,2000,0.0,0.0662,0.0,58.2614654556241,0.0,0.0,0.0,0.0,3640427.0,0.0,0.0,0.0,0.0,0.0,0.0,0.0,0.0,LDCs
Central African Republic,2001,0.0,0.0,0.0,57.2507619471875,0.0,0.0,0.0,0.0,3722018.0,0.0,0.0,0.0,0.0,0.0,0.0,0.0,0.0,LDCs
Central African Republic,2002,0.0469503546099291,0.0,0.0,56.2339661151736,0.0,0.0,0.0,0.0,3802128.0,0.0,0.0,0.0,0.0,0.0,0.0,37084.4958402242,141.0,LDCs
Central African Republic,2003,0.0,0.0,0.0,55.2107259730657,0.0,0.0,0.0,0.0,3881181.0,0.0,0.0,0.0,0.0,0.0,0.0,0.0,0.0,LDCs
Central African Republic,2004,0.0,0.0,0.0,54.1810560046049,0.0,0.0,0.0,0.0,3959875.0,0.0,0.0,0.0,0.0,0.0,0.0,0.0,0.0,LDCs
Central African Republic,2005,0.0,0.0725,0.0,53.1522999784995,0.0,0.0,0.0,0.0,4038382.0,0.0,0.0,0.0,0.0,0.0,0.0,0.0,0.0,LDCs
Central African Republic,2006,0.0,0.0,0.0,52.1241164237875,0.0,0.0,0.0,0.0,4118069.0,0.0,0.0,0.0,0.0,0.0,0.0,0.0,0.0,LDCs
Central African Republic,2007,0.0514184397163121,0.0,0.0,51.096515451999,0.0,0.0,0.0,0.0,4198010.0,0.0,0.0,0.0,0.0,0.0,0.0,33587.3425742197,141.0,LDCs
Central African Republic,2008,0.0,0.0,0.0,50.0688290641296,0.0,0.0,0.0,0.0,4273366.0,0.0,0.0,0.0,0.0,0.0,0.0,0.0,0.0,LDCs
Central African Republic,2009,0.0,0.0,0.0,49.0407519136829,0.0,0.0,0.0,0.0,4337625.0,0.0,0.0,0.0,0.0,0.0,0.0,0.0,0.0,LDCs
Central African Republic,2010,0.0,0.0,0.0,48.0123183519194,0.0,0.0,0.0,0.0,4386768.0,0.0,0.0,0.0,0.0,0.0,0.0,0.0,0.0,LDCs
Central African Republic,2011,0.0,0.0,0.0,46.9829120084133,0.0,0.0,0.0,0.0,4418636.0,0.0,0.0,9.2,9.2,0.0,5.7,0.0,0.0,LDCs
Central African Republic,2012,0.0,0.0,0.0,45.9525792925308,0.0,0.0,0.0,0.0,4436415.0,0.0,0.0,0.0,0.0,0.0,0.0,31782.4189125679,141.0,LDCs
Central African Republic,2013,0.0,0.0,0.0,46.037802071662,0.0,0.0,0.0,0.0,4447942.0,0.0,0.0,0.0,0.0,0.0,0.0,0.0,0.0,LDCs
Central African Republic,2014,0.0,0.0,0.069846,46.1295343187738,0.0,0.0,0.0,0.0,4464175.0,0.0,0.0,0.0,0.0,0.0,0.0,31584.7833026259,141.0,LDCs
Central African Republic,2015,0.0,0.0,0.0,46.2280819501011,0.0,0.0,0.0,0.0,4493170.0,0.0,0.0,0.0,0.0,0.0,0.0,0.0,0.0,LDCs
Central African Republic,2016,0.0,0.0,0.0,46.3337584314195,0.0,0.0,0.0,0.0,4537687.0,0.0,0.0,0.0,0.0,0.0,0.0,0.0,0.0,LDCs
Central African Republic,2017,0.0,0.0,0.0,0.0,0.0,0.0,0.0,0.0,4596028.0,0.0,0.0,0.0,0.0,0.0,0.0,0.0,0.0,LDCs
Cote d'Ivoire,2000,0.0,1.409,0.0,70.7607819174006,0.0,0.0,0.0,33.7368419488097,16454668.0,0.0,0.0,0.0,0.0,0.0,0.0,0.0,0.0,LDCs
Cote d'Ivoire,2001,0.0,0.0,0.0,70.9060918718901,0.0,0.0,0.0,33.9160759070279,16853026.0,0.0,0.0,0.0,0.0,0.0,0.0,0.0,0.0,LDCs
Cote d'Ivoire,2002,1.83368037480479,0.0,0.0,71.0490698344186,0.0,0.0,0.0,34.0939666405362,17231539.0,0.0,0.0,0.0,0.0,0.0,0.0,4459.26507202868,76.84,LDCs
Cote d'Ivoire,2003,0.0,0.0,0.0,71.1893517230153,0.0,0.0,0.0,34.270092995924,17599610.0,0.0,0.0,0.0,0.0,0.0,0.0,0.0,0.0,LDCs
Cote d'Ivoire,2004,0.0,0.0,0.0,71.3272877993701,0.0,0.0,0.0,34.4448660477057,17970494.0,0.0,0.0,0.0,0.0,0.0,0.0,0.0,0.0,LDCs
Cote d'Ivoire,2005,0.0,1.549,0.0,71.461850629099,0.0,0.0,0.0,34.6170645900086,18354514.0,0.0,0.0,0.0,0.0,0.0,0.0,0.0,0.0,LDCs
Cote d'Ivoire,2006,0.0,0.0,0.0,71.5937207973683,0.0,0.0,0.0,34.7875000040882,18754916.0,0.0,0.0,0.0,0.0,0.0,0.0,0.0,0.0,LDCs
Cote d'Ivoire,2007,2.0158771473191,0.0,0.0,71.7228984528087,0.0,0.0,0.0,34.9561720679186,19171237.0,0.0,0.0,0.0,0.0,0.0,0.0,4008.08774102579,76.84,LDCs
Cameroon,2000,0.0,0.9664,0.0,59.1772143891301,0.0,0.0,0.0,0.0,15513945.0,0.0,0.0,0.0,0.0,0.0,0.0,0.0,0.0,LDCs
Cameroon,2001,0.0,0.0,0.0,59.355270030216,0.0,0.0,0.0,0.0,15928910.0,0.0,0.0,0.0,0.0,0.0,0.0,0.0,0.0,LDCs
Cameroon,2002,0.353992673992674,0.0,0.0,59.5176057418885,0.0,0.0,0.0,0.0,16357602.0,0.0,0.0,0.0,0.0,0.0,0.0,16689.4878601399,273.0,LDCs
Cameroon,2003,0.0,0.0,0.0,59.6639018448035,0.0,0.0,0.0,0.0,16800865.0,0.0,0.0,0.0,0.0,0.0,0.0,0.0,0.0,LDCs
Cameroon,2004,0.0,0.0,0.0,59.7947483747162,11.3,70.0,18.4,0.0,17259322.0,0.0,0.0,0.0,0.0,0.0,0.0,0.0,0.0,LDCs
"Congo, Dem. Rep.",2000,0.0,0.5841,0.0,33.917766753862,0.0,0.0,0.0,0.0,47105826.0,0.0,0.0,0.0,0.0,0.0,0.0,0.0,0.0,LDCs
"Congo, Dem. Rep.",2001,0.0,0.0,0.0,34.4663360294378,0.0,0.0,0.0,0.0,48428545.0,0.0,0.0,0.0,0.0,0.0,0.0,0.0,0.0,LDCs
"Congo, Dem. Rep.",2002,0.0649,0.0,0.0,35.0162341860374,0.0,0.0,0.0,0.0,49871666.0,0.0,0.0,0.0,0.0,0.0,0.0,18046.3191263753,900.0,LDCs
"Congo, Dem. Rep.",2003,0.0,0.0,0.0,35.5673594374579,0.0,0.0,0.0,0.0,51425580.0,0.0,0.0,0.0,0.0,0.0,0.0,0.0,0.0,LDCs
"Congo, Dem. Rep.",2004,0.0,0.0,0.0,36.1196149209615,0.0,0.0,0.0,0.0,53068880.0,0.0,0.0,0.0,0.0,0.0,0.0,0.0,0.0,LDCs
"Congo, Dem. Rep.",2005,0.0,0.6836,0.0,36.6749293267759,0.0,0.0,0.0,0.0,54785903.0,0.0,0.0,0.0,0.0,0.0,0.0,0.0,0.0,LDCs
"Congo, Dem. Rep.",2006,0.0,0.0,0.0,37.2341632719723,0.0,0.0,0.0,0.0,56578037.0,0.0,0.0,39.2,39.2,21.9,1.8,0.0,0.0,LDCs
"Congo, Dem. Rep.",2007,0.0759555555555556,0.0,0.0,37.7971518175401,30.3,59.1,10.4,0.0,58453683.0,0.0,0.0,0.0,0.0,0.0,0.0,15396.8057068363,900.0,LDCs
"Congo, Dem. Rep.",2008,0.0,0.0,0.0,38.3627348371597,0.0,0.0,0.0,0.0,60411195.0,0.0,0.0,0.0,0.0,0.0,0.0,0.0,0.0,LDCs
"Congo, Dem. Rep.",2009,0.0,0.0,0.0,38.9317440053233,0.0,0.0,0.0,0.0,62448574.0,0.0,0.0,0.0,0.0,0.0,0.0,0.0,0.0,LDCs
"Congo, Dem. Rep.",2010,0.0,0.0,0.0,39.5030316249384,0.0,0.0,0.0,0.0,64563854.0,0.0,0.0,46.1,46.1,22.79,3.1,0.0,0.0,LDCs
"Congo, Dem. Rep.",2011,0.0,0.0,0.0,40.0774092316493,0.0,0.0,0.0,0.0,66755153.0,0.0,0.0,0.0,0.0,0.0,0.0,0.0,0.0,LDCs
"Congo, Dem. Rep.",2012,0.0,0.0,0.0,40.6537405883332,0.0,0.0,0.0,0.0,69020747.0,0.0,0.0,0.0,0.0,0.0,0.0,13039.5575115987,900.0,LDCs
"Congo, Dem. Rep.",2013,0.0,0.0,0.0,41.2318608933508,0.0,0.0,0.0,0.0,71358807.0,0.0,0.0,0.0,54.1,0.0,0.8,0.0,0.0,LDCs
"Congo, Dem. Rep.",2014,0.0,0.0,0.090419,41.8120913442475,32.8,59.3,7.1,0.0,73767447.0,0.0,0.0,0.0,0.0,0.0,0.0,12200.5035635841,900.0,LDCs
"Congo, Dem. Rep.",2015,0.0,0.0,0.0,42.3937820672744,0.0,0.0,0.0,0.0,76244544.0,0.0,0.0,0.0,0.0,0.0,0.0,0.0,0.0,LDCs
"Congo, Dem. Rep.",2016,0.0,0.0,0.0,42.9767673864606,0.0,0.0,0.0,0.0,78789127.0,0.0,0.0,0.0,0.0,0.0,0.0,0.0,0.0,LDCs
"Congo, Dem. Rep.",2017,0.0,0.0,0.0,43.2433220399021,0.0,0.0,0.0,0.0,81398764.0,0.0,0.0,0.0,0.0,0.0,0.0,0.0,0.0,LDCs
"Congo, Rep.",2000,0.0,0.0,0.0,57.1558720698375,0.0,0.0,0.0,27.4222903952088,3127411.0,0.0,0.0,0.0,0.0,0.0,0.0,0.0,0.0,LDCs
"Congo, Rep.",2001,0.0,0.0,0.0,57.4633254913597,0.0,0.0,0.0,27.583084115954,3217933.0,0.0,0.0,0.0,0.0,0.0,0.0,0.0,0.0,LDCs
"Congo, Rep.",2002,0.0207207207207207,0.046,0.0,57.9533573949943,0.0,0.0,0.0,27.7818051782105,3310387.0,0.0,0.0,0.0,0.0,0.0,0.0,67061.6456625766,222.0,LDCs
"Congo, Rep.",2003,0.0,0.0,0.0,58.441326306171,0.0,0.0,0.0,27.980412391566,3406922.0,0.0,0.0,0.0,0.0,0.0,0.0,0.0,0.0,LDCs
"Congo, Rep.",2004,0.0,0.0,0.0,59.5097279574193,0.0,0.0,0.0,29.576396857195,3510468.0,0.0,0.0,0.0,0.0,0.0,0.0,0.0,0.0,LDCs
Comoros,2000,0.0,0.0,0.0,90.9479254640218,0.0,0.0,0.0,0.0,542357.0,0.0,0.0,0.0,0.0,0.0,0.0,0.0,0.0,LDCs
Comoros,2001,0.0,0.0,0.0,90.8413596719926,0.0,0.0,0.0,0.0,555888.0,0.0,0.0,0.0,0.0,0.0,0.0,0.0,0.0,LDCs
Comoros,2002,0.833333333333333,0.0,0.0,90.0056379443583,0.0,0.0,0.0,0.0,569479.0,0.0,0.0,0.0,0.0,0.0,0.0,2107.18920276252,1.2,LDCs
Comoros,2003,0.0,0.0,0.0,89.1715972574302,0.0,0.0,0.0,0.0,583211.0,0.0,0.0,0.0,0.0,0.0,0.0,0.0,0.0,LDCs
Comoros,2004,0.0,0.0,0.0,88.3392650711538,0.0,0.0,0.0,0.0,597228.0,0.0,0.0,0.0,0.0,0.0,0.0,0.0,0.0,LDCs
Comoros,2005,0.0,0.0,0.0,87.5090824359264,0.0,0.0,0.0,0.0,611627.0,0.0,0.0,0.0,0.0,0.0,0.0,0.0,0.0,LDCs
Comoros,2006,0.0,0.0,0.0,86.6815094013972,0.0,0.0,0.0,0.0,626425.0,0.0,0.0,0.0,0.0,0.0,0.0,0.0,0.0,LDCs
Comoros,2007,0.0,0.0,0.0,85.8569917529054,0.0,0.0,0.0,0.0,641620.0,0.0,0.0,0.0,0.0,0.0,0.0,1870.26588946729,1.2,LDCs
Comoros,2008,0.0,0.0,0.0,85.0359191508686,0.0,0.0,0.0,0.0,657229.0,0.0,0.0,0.0,0.0,0.0,0.0,0.0,0.0,LDCs
Comoros,2009,0.0,0.0,0.0,84.2187508567768,0.0,0.0,0.0,0.0,673252.0,0.0,0.0,0.0,0.0,0.0,0.0,0.0,0.0,LDCs
Comoros,2010,0.0,0.0,0.0,83.405979855146,0.0,0.0,0.0,0.0,689692.0,0.0,0.0,0.0,0.0,0.0,0.0,0.0,0.0,LDCs
Comoros,2011,0.0,0.0,0.0,82.5978795520323,0.0,0.0,0.0,0.0,706569.0,0.0,0.0,0.0,0.0,0.0,0.0,0.0,0.0,LDCs
Comoros,2012,0.0,0.0,0.0,81.7949141108888,8.8,20.7,66.0,0.0,723871.0,0.0,0.0,0.0,0.0,0.0,0.0,1657.75393682023,1.2,LDCs
Comoros,2013,0.0,0.0,0.0,80.9975655633495,0.0,0.0,0.0,0.0,741505.0,0.0,0.0,0.0,0.0,0.0,0.0,0.0,0.0,LDCs
Comoros,2014,0.0,0.0,1.168125,80.2060348892296,0.0,0.0,0.0,0.0,759390.0,0.0,0.0,0.0,0.0,0.0,0.0,1580.21569944297,1.2,LDCs
Comoros,2015,0.0,0.0,0.0,80.1320028702975,0.0,0.0,0.0,0.0,777424.0,0.0,0.0,0.0,0.0,0.0,0.0,0.0,0.0,LDCs
Comoros,2016,0.0,0.0,0.0,80.1488534979581,0.0,0.0,0.0,0.0,795592.0,0.0,0.0,0.0,0.0,0.0,0.0,0.0,0.0,LDCs
Comoros,2017,0.0,0.0,0.0,80.1675168710773,0.0,0.0,0.0,0.0,813892.0,0.0,0.0,0.0,0.0,0.0,0.0,0.0,0.0,LDCs
Eritrea,2000,0.0,0.4134,0.0,46.8142143655462,0.0,0.0,0.0,0.0,2292416.0,0.0,0.0,0.0,0.0,0.0,0.0,0.0,0.0,LDCs
Eritrea,2001,0.0,0.0,0.0,47.1204231508557,0.0,0.0,0.0,0.0,2374722.0,0.0,0.0,0.0,0.0,0.0,0.0,0.0,0.0,LDCs
Eritrea,2002,14.7642857142857,0.0,0.0,47.4409243682311,49.3,23.0,27.7,0.0,2481058.0,0.0,0.0,0.0,0.0,0.0,0.0,1128.5508037297,2.8,LDCs
Eritrea,2003,0.0,0.0,0.0,47.7752196108843,0.0,0.0,0.0,0.0,2600973.0,0.0,0.0,0.0,0.0,0.0,0.0,0.0,0.0,LDCs
Eritrea,2004,0.0,0.582,0.0,48.1234176767697,0.0,0.0,0.0,0.0,2719803.0,0.0,0.0,0.0,0.0,0.0,0.0,0.0,0.0,LDCs
Eritrea,2005,0.0,0.0,0.0,48.4844071564725,0.0,0.0,0.0,0.0,2826659.0,0.0,0.0,0.0,0.0,0.0,0.0,0.0,0.0,LDCs
Eritrea,2006,0.0,0.0,0.0,48.8594911277223,0.0,0.0,0.0,0.0,2918205.0,0.0,0.0,0.0,0.0,0.0,0.0,0.0,0.0,LDCs
Eritrea,2007,20.7857142857143,0.0,0.0,49.2469503320993,0.0,0.0,0.0,0.0,2996536.0,0.0,0.0,0.0,0.0,0.0,0.0,934.412268032154,2.8,LDCs
Eritrea,2008,0.0,0.0,0.0,49.6487022906892,0.0,0.0,0.0,0.0,3062779.0,0.0,0.0,0.0,0.0,0.0,0.0,0.0,0.0,LDCs
Eritrea,2009,0.0,0.0,0.0,49.8103237731074,0.0,0.0,0.0,0.0,3119920.0,0.0,0.0,0.0,0.0,0.0,0.8,0.0,0.0,LDCs
Eritrea,2010,0.0,0.0,0.0,49.9773832167063,0.0,0.0,0.0,0.0,3170435.0,0.0,0.0,0.0,0.0,0.0,0.0,0.0,0.0,LDCs
Eritrea,2011,0.0,0.0,0.0,50.1505272539584,0.0,0.0,0.0,0.0,3213972.0,0.0,0.0,0.0,0.0,0.0,0.0,0.0,0.0,LDCs
Eritrea,2012,0.0,0.0,0.0,50.3291758427734,0.0,0.0,0.0,0.0,0.0,0.0,0.0,0.0,0.0,0.0,0.0,0.0,2.8,LDCs
Eritrea,2013,0.0,0.0,0.0,50.705129692831,0.0,0.0,0.0,0.0,0.0,0.0,0.0,0.0,0.0,0.0,0.0,0.0,0.0,LDCs
Eritrea,2014,0.0,0.0,10.106517,51.0835630478377,0.0,0.0,0.0,0.0,0.0,0.0,0.0,0.0,0.0,0.0,0.0,0.0,2.8,LDCs
Eritrea,2015,0.0,0.0,0.0,51.465092410934,0.0,0.0,0.0,0.0,0.0,0.0,0.0,0.0,0.0,0.0,0.0,0.0,0.0,LDCs
Eritrea,2016,0.0,0.0,0.0,51.8497184170396,0.0,0.0,0.0,0.0,0.0,0.0,0.0,0.0,0.0,0.0,0.0,0.0,0.0,LDCs
Ethiopia,2000,0.0,0.0,0.0,18.6952068677435,32.1,62.8,5.0,4.52877017827195,66224804.0,0.0,0.0,0.0,0.0,0.0,0.0,0.0,0.0,LDCs
Ethiopia,2001,0.0,0.0,0.0,20.2887756838031,0.0,0.0,0.0,4.92116729101245,68159423.0,0.0,0.0,0.0,0.0,0.0,0.0,0.0,0.0,LDCs
Ethiopia,2002,4.55573770491803,5.558,0.0,21.84035898773,0.0,0.0,0.0,5.40115681342069,70142091.0,0.0,0.0,0.0,0.0,0.0,0.0,1739.32653362159,122.0,LDCs
Ethiopia,2003,0.0,0.0,0.0,23.3481087960155,0.0,0.0,0.0,5.62690477413049,72170584.0,0.0,0.0,0.0,0.0,0.0,0.0,0.0,0.0,LDCs
Ethiopia,2004,0.0,0.0,0.0,24.81285657144,0.0,0.0,0.0,5.84600499621749,74239505.0,0.0,0.0,0.0,0.0,0.0,0.0,0.0,0.0,LDCs
Ethiopia,2005,0.0,7.861,0.0,26.2347749310875,29.4,61.6,8.4,6.0881468323792,76346311.0,0.0,0.0,0.0,0.0,0.0,0.0,0.0,0.0,LDCs
Ethiopia,2006,0.0,0.0,0.0,27.6146387865678,0.0,0.0,0.0,6.35353302090654,78489206.0,0.0,0.0,4.6,0.0,19.44,0.0,0.0,0.0,LDCs
Ethiopia,2007,6.44344262295082,0.0,0.0,28.9614372682105,0.0,0.0,0.0,6.64733293276532,80674348.0,0.0,0.0,0.0,0.0,0.0,0.0,1512.25269276425,122.0,LDCs
Ethiopia,2008,0.0,0.0,0.0,30.366713358997,0.0,0.0,0.0,7.02574740594318,82916235.0,0.0,0.0,0.0,0.0,0.0,0.0,0.0,0.0,LDCs
Ethiopia,2009,0.0,0.0,0.0,31.7278314748033,0.0,0.0,0.0,7.42771633952244,85233913.0,0.0,0.0,0.0,0.0,0.0,0.0,0.0,0.0,LDCs
Ethiopia,2010,0.0,0.0,0.0,33.0467720973932,0.0,0.0,0.0,7.85397160876156,87639964.0,0.0,0.0,0.0,0.0,0.0,0.0,0.0,0.0,LDCs
Ethiopia,2011,0.0,0.0,0.0,34.3226768813959,35.4,51.8,12.5,8.30346226385714,90139927.0,0.0,0.0,9.2,9.2,0.0,2.9,0.0,0.0,LDCs
Ethiopia,2012,0.0,0.0,0.0,35.5569376350512,0.0,0.0,0.0,8.77653561082652,92726971.0,0.0,0.0,0.0,0.0,0.0,0.0,1315.69055566368,122.0,LDCs
Ethiopia,2013,0.0,0.0,0.0,36.7398330617842,0.0,0.0,0.0,9.26619685871065,95385785.0,0.0,0.0,0.0,0.0,0.0,0.0,0.0,0.0,LDCs
Ethiopia,2014,0.0,0.0,11.596806,37.8814904843982,0.0,0.0,0.0,9.77840677353694,98094253.0,0.0,0.0,0.0,0.0,0.0,0.0,1243.70180993172,122.0,LDCs
Ethiopia,2015,0.0,0.0,0.0,38.9817333851423,0.0,0.0,0.0,10.3124430678559,100835458.0,0.0,0.0,0.0,20.7,0.0,2.7,0.0,0.0,LDCs
Ethiopia,2016,0.0,10.55,0.0,40.0414232118597,28.2,51.2,20.3,10.8682588688281,103603501.0,0.0,0.0,0.0,0.0,0.0,0.0,0.0,0.0,LDCs
Ethiopia,2017,0.0,0.0,0.0,41.0599521347594,0.0,0.0,0.0,11.4447731632854,106400024.0,0.0,0.0,0.0,0.0,0.0,0.0,0.0,0.0,LDCs
Georgia,2000,0.0,0.0,0.0,92.9752106958199,0.0,0.0,0.0,74.5880956909975,4077131.0,0.0,0.0,0.0,0.0,0.0,0.0,0.0,0.0,LDCs
Georgia,2001,0.0,0.0,0.0,93.2019899500047,0.0,0.0,0.0,74.7741397795184,4014373.0,0.0,0.0,0.0,0.0,0.0,0.0,0.0,0.0,LDCs
Georgia,2002,0.0,0.0,0.0,93.4607451729654,0.0,0.0,0.0,74.9824532567688,3978515.0,0.0,0.0,0.0,0.0,0.0,0.0,14610.979222147,58.13,LDCs
Ghana,2000,0.0,0.982,0.0,64.4638031428596,0.0,0.0,0.0,13.0987020919469,19278856.0,0.0,0.0,0.0,0.0,0.0,0.0,0.0,0.0,LDCs
Ghana,2001,0.0,0.0,0.0,65.3511039397109,0.0,0.0,0.0,13.3731541231743,19756928.0,0.0,0.0,0.0,0.0,0.0,0.0,0.0,0.0,LDCs
Ghana,2002,3.24092409240924,0.0,0.0,66.3482881085906,0.0,0.0,0.0,14.5829240008404,20246381.0,0.0,0.0,0.0,0.0,0.0,0.0,1496.56375625846,30.3,LDCs
Ghana,2003,0.0,0.0,0.0,67.3462348242887,9.1,68.5,22.3,15.8242373622481,20750299.0,0.0,0.0,0.0,0.0,0.0,0.0,0.0,0.0,LDCs
Ghana,2004,0.0,0.0,0.0,68.3453704482538,0.0,0.0,0.0,17.0974093606444,21272323.0,0.0,0.0,0.0,0.0,0.0,0.0,0.0,0.0,LDCs
Ghana,2005,0.0,0.0,0.0,69.3449537231285,0.0,0.0,0.0,18.4011251576394,21814642.0,0.0,0.0,0.0,0.0,0.0,0.0,0.0,0.0,LDCs
Ghana,2006,0.0,0.0,0.0,70.3458816928579,0.0,0.0,0.0,19.7363225601493,22379055.0,0.0,0.0,0.0,0.0,0.0,0.0,0.0,0.0,LDCs
Ghana,2007,0.0,0.0,0.0,71.3481129436384,0.0,0.0,0.0,21.102636991117,22963946.0,0.0,0.0,31.8,31.8,15.72,5.7,1319.45964339056,30.3,LDCs
Ghana,2008,0.0,0.0,0.0,72.3518429486866,7.2,69.2,23.1,22.5000314588789,23563825.0,0.0,0.0,0.0,0.0,0.0,0.0,0.0,0.0,LDCs
Ghana,2009,0.0,0.0,0.0,73.3565504768615,0.0,0.0,0.0,23.9273462917661,24170940.0,0.0,0.0,0.0,0.0,0.0,0.0,0.0,0.0,LDCs
Guinea,2000,0.0,0.0,0.0,62.7327385291285,0.0,0.0,0.0,0.0,8240730.0,0.0,0.0,0.0,0.0,0.0,0.0,0.0,0.0,LDCs
Guinea,2001,0.0,0.5533,0.0,62.8638556834757,0.0,0.0,0.0,0.0,8417081.0,0.0,0.0,0.0,0.0,0.0,0.0,0.0,0.0,LDCs
Guinea,2002,0.244823008849558,0.0,0.0,62.9710663463137,0.0,0.0,0.0,0.0,8586074.0,0.0,0.0,0.0,0.0,0.0,0.0,26321.6925453939,226.0,LDCs
Guinea,2003,0.0,0.0,0.0,63.0548994618278,0.0,0.0,0.0,0.0,8753093.0,0.0,0.0,0.0,0.0,0.0,0.0,0.0,0.0,LDCs
Guinea,2004,0.0,0.0,0.0,63.1152547537637,0.0,0.0,0.0,0.0,8925743.0,0.0,0.0,0.0,0.0,0.0,0.0,0.0,0.0,LDCs
Guinea,2005,0.0,0.0,0.0,63.1523453969488,7.4,76.1,16.1,0.0,9109581.0,0.0,0.0,0.0,0.0,0.0,0.0,0.0,0.0,LDCs
Guinea,2006,0.0,0.0,0.0,63.1667118224743,0.0,0.0,0.0,0.0,9307425.0,0.0,0.0,38.6,38.6,20.82,9.9,0.0,0.0,LDCs
Guinea,2007,0.0,0.0,0.0,63.1582495579529,0.0,0.0,0.0,0.0,9518162.0,0.0,0.0,0.0,0.0,0.0,0.0,23744.0800020004,226.0,LDCs
Guinea,2008,0.0,0.0,0.0,63.1271769035373,0.0,0.0,0.0,0.0,9738792.0,0.0,0.0,0.0,0.0,0.0,0.0,0.0,0.0,LDCs
Guinea,2009,0.0,0.0,0.0,63.0737194637744,0.0,0.0,0.0,0.0,9964469.0,0.0,0.0,0.0,0.0,0.0,0.0,0.0,0.0,LDCs
Guinea,2010,0.0,0.0,0.0,62.9984313333843,0.0,0.0,0.0,0.0,10192176.0,0.0,0.0,0.0,0.0,0.0,0.0,0.0,0.0,LDCs
Guinea,2011,0.0,0.0,0.0,62.9012095301339,0.0,0.0,0.0,0.0,10420471.0,0.0,0.0,0.0,0.0,0.0,0.0,0.0,0.0,LDCs
Guinea,2012,0.0,0.0,0.0,62.7822779700848,19.1,57.4,22.9,0.0,10652029.0,0.0,0.0,0.0,0.0,0.0,0.0,21216.6151631769,226.0,LDCs
Guinea,2013,0.0,0.0,0.0,62.641863357137,0.0,0.0,0.0,0.0,10892810.0,0.0,0.0,0.0,0.0,0.0,0.0,0.0,0.0,LDCs
Guinea,2014,0.0,0.0,0.326563,62.4801998535424,0.0,0.0,0.0,0.0,11150977.0,0.0,0.0,0.0,0.0,0.0,0.0,20267.2824094248,226.0,LDCs
Guinea,2015,0.0,0.0,0.0,62.3021655082448,0.0,0.0,0.0,0.0,11432088.0,0.0,0.0,0.0,0.0,0.0,0.0,0.0,0.0,LDCs
Guinea,2016,0.0,0.0,0.0,62.1081900672806,0.0,0.0,0.0,0.0,11738441.0,0.0,0.0,0.0,0.0,0.0,0.0,0.0,0.0,LDCs
Guinea,2017,0.0,0.0,0.0,61.8987230773796,0.0,0.0,0.0,0.0,12067539.0,0.0,0.0,0.0,0.0,0.0,0.0,0.0,0.0,LDCs
"Gambia, The",2000,0.0,0.0905,0.0,75.0013613312603,0.0,0.0,0.0,0.0,1317703.0,0.0,0.0,0.0,0.0,0.0,0.0,0.0,0.0,LDCs
"Gambia, The",2001,0.0,0.0,0.0,75.1391162931372,0.0,0.0,0.0,0.0,1360074.0,0.0,0.0,0.0,0.0,0.0,0.0,0.0,0.0,LDCs
"Gambia, The",2002,3.01666666666667,0.0,0.0,75.2877041481854,0.0,0.0,0.0,0.0,1404261.0,0.0,0.0,0.0,0.0,0.0,0.0,2136.35499383662,3.0,LDCs
"Gambia, The",2003,0.0,0.0,0.0,75.4409691354002,0.0,0.0,0.0,0.0,1449925.0,0.0,0.0,0.0,0.0,0.0,0.0,0.0,0.0,LDCs
"Gambia, The",2004,0.0,0.0,0.0,75.5803817326046,0.0,0.0,0.0,0.0,1496527.0,0.0,0.0,0.0,0.0,0.0,0.0,0.0,0.0,LDCs
"Gambia, The",2005,0.0,0.0,0.0,75.7282655765502,0.0,0.0,0.0,0.0,1543741.0,0.0,0.0,0.0,0.0,0.0,0.0,0.0,0.0,LDCs
"Gambia, The",2006,0.0,0.0,0.0,75.8846274143723,0.0,0.0,0.0,0.0,1591445.0,0.0,0.0,0.0,0.0,0.0,2.6,0.0,0.0,LDCs
"Gambia, The",2007,0.0,0.0,0.0,76.0494729673771,0.0,0.0,0.0,0.0,1639848.0,0.0,0.0,0.0,0.0,0.0,0.0,1829.43785033735,3.0,LDCs
"Gambia, The",2008,0.0,0.0,0.0,76.2230084061285,0.0,0.0,0.0,0.0,1689285.0,0.0,0.0,0.0,0.0,0.0,0.0,0.0,0.0,LDCs
"Gambia, The",2009,0.0,0.0,0.0,76.4044421655502,0.0,0.0,0.0,0.0,1740279.0,0.0,0.0,0.0,0.0,0.0,0.0,0.0,0.0,LDCs
"Gambia, The",2010,0.0,0.0,0.0,76.5943555458668,0.0,0.0,0.0,0.0,1793196.0,0.0,0.0,0.0,0.0,0.0,0.0,0.0,0.0,LDCs
"Gambia, The",2011,0.0,0.0,0.0,76.7923229872766,0.0,0.0,0.0,0.0,1848147.0,0.0,0.0,0.0,0.0,0.0,0.0,0.0,0.0,LDCs
"Gambia, The",2012,0.0,0.0,0.0,76.9987620289657,0.0,0.0,0.0,0.0,1905011.0,0.0,0.0,0.0,0.0,0.0,0.0,1574.79405630729,3.0,LDCs
"Gambia, The",2013,0.0,0.0,0.0,77.2125286051,4.5,48.7,46.1,0.0,1963711.0,0.0,0.0,0.0,0.0,0.0,0.0,0.0,0.0,LDCs
"Gambia, The",2014,0.0,0.0,1.450538,77.4333019283205,0.0,0.0,0.0,0.0,2024042.0,0.0,0.0,0.0,0.0,0.0,0.0,1482.18268197992,3.0,LDCs
"Gambia, The",2015,0.0,0.0,0.0,77.6607395519197,0.0,0.0,0.0,0.0,2085860.0,0.0,0.0,0.0,0.0,0.0,0.0,0.0,0.0,LDCs
"Gambia, The",2016,0.0,0.0,0.0,77.8272376731693,0.0,0.0,0.0,0.0,2149139.0,0.0,0.0,0.0,0.0,0.0,0.0,0.0,0.0,LDCs
"Gambia, The",2017,0.0,0.0,0.0,77.9915668246608,0.0,0.0,0.0,0.0,2213894.0,0.0,0.0,0.0,0.0,0.0,0.0,0.0,0.0,LDCs
Guinea-Bissau,2000,0.0,0.175,0.0,53.3767834403066,0.0,0.0,0.0,0.0,1201301.0,0.0,0.0,0.0,0.0,0.0,0.0,0.0,0.0,LDCs
Guinea-Bissau,2001,0.0,0.0,0.0,54.2289188168369,0.0,0.0,0.0,0.0,1227106.0,0.0,0.0,0.0,0.0,0.0,0.0,0.0,0.0,LDCs
Guinea-Bissau,2002,1.09375,0.0,0.0,55.0772200585805,0.0,0.0,0.0,0.0,1254453.0,0.0,0.0,0.0,0.0,0.0,0.0,12754.5631442549,16.0,LDCs
Guinea-Bissau,2003,0.0,0.0,0.0,55.92104005554,0.0,0.0,0.0,0.0,1283305.0,0.0,0.0,0.0,0.0,0.0,0.0,0.0,0.0,LDCs
Guinea-Bissau,2004,0.0,0.0,0.0,56.7607023055996,0.0,0.0,0.0,0.0,1313492.0,0.0,0.0,0.0,0.0,0.0,0.0,0.0,0.0,LDCs
Guinea-Bissau,2005,0.0,0.0,0.0,57.5955644500973,0.0,0.0,0.0,0.0,1344930.0,0.0,0.0,0.0,0.0,0.0,0.0,0.0,0.0,LDCs
Guinea-Bissau,2006,0.0,0.0,0.0,58.4265995037992,0.0,0.0,0.0,0.0,1377581.0,0.0,0.0,8.0,8.0,88.92,1.2,0.0,0.0,LDCs
Guinea-Bissau,2007,0.0,0.0,0.0,59.2531630575618,0.0,0.0,0.0,0.0,1411543.0,0.0,0.0,0.0,0.0,0.0,0.0,11335.1134184364,16.0,LDCs
Guinea-Bissau,2008,0.0,0.0,0.0,60.0755820721019,0.0,0.0,0.0,0.0,1446936.0,0.0,0.0,0.0,0.0,0.0,0.0,0.0,0.0,LDCs
Guinea-Bissau,2009,0.0,0.0,0.0,60.8932206956943,0.0,0.0,0.0,0.0,1483921.0,0.0,0.0,0.0,0.0,0.0,0.0,0.0,0.0,LDCs
Guinea-Bissau,2010,0.0,0.0,0.0,61.7073519596972,0.0,0.0,0.0,0.0,1522599.0,0.0,0.0,0.0,0.0,0.0,0.0,0.0,0.0,LDCs
Guinea-Bissau,2011,0.0,0.0,0.0,62.5173383324678,0.0,0.0,0.0,0.0,1562989.0,0.0,0.0,0.0,0.0,0.0,0.0,0.0,0.0,LDCs
Guinea-Bissau,2012,0.0,0.0,0.0,63.3234959142569,0.0,0.0,0.0,0.0,1604979.0,0.0,0.0,0.0,0.0,0.0,0.0,9968.97778724831,16.0,LDCs
Guinea-Bissau,2013,0.0,0.0,0.0,64.1255090528136,0.0,0.0,0.0,0.0,1648257.0,0.0,0.0,0.0,0.0,0.0,0.0,0.0,0.0,LDCs
Guinea-Bissau,2014,0.0,0.0,0.71031,64.9236884431229,0.0,0.0,0.0,0.0,1692439.0,0.0,0.0,0.0,0.0,0.0,0.0,9453.81192468384,16.0,LDCs
Guinea-Bissau,2015,0.0,0.0,0.0,65.7180338535189,0.0,0.0,0.0,0.0,1737202.0,0.0,0.0,0.0,0.0,0.0,0.0,0.0,0.0,LDCs
Guinea-Bissau,2016,0.0,0.0,0.0,66.508234004791,0.0,0.0,0.0,0.0,1782437.0,0.0,0.0,0.0,0.0,0.0,0.0,0.0,0.0,LDCs
Guinea-Bissau,2017,0.0,0.0,0.0,66.6344142282775,0.0,0.0,0.0,0.0,1828146.0,0.0,0.0,0.0,0.0,0.0,0.0,0.0,0.0,LDCs
Equatorial Guinea,2001,0.0,0.0,0.0,51.7904444311043,0.0,0.0,0.0,0.0,631666.0,0.0,0.0,0.0,0.0,0.0,0.0,0.0,0.0,LDCs
Equatorial Guinea,2002,0.0669230769230769,0.0,0.0,52.5419968244702,0.0,0.0,0.0,0.0,658384.0,0.0,0.0,0.0,0.0,0.0,0.0,39490.6316070864,26.0,LDCs
Equatorial Guinea,2003,0.0,0.0,0.0,53.350417314032,0.0,0.0,0.0,0.0,686664.0,0.0,0.0,0.0,0.0,0.0,0.0,0.0,0.0,LDCs
Haiti,2000,0.0,0.0,0.0,56.2392898027231,16.9,58.9,24.1,0.0,8463806.0,0.0,0.0,0.0,0.0,0.0,0.0,0.0,0.0,LDCs
Haiti,2001,0.0,0.0,0.0,57.0607645816779,0.0,0.0,0.0,0.0,8608819.0,0.0,0.0,0.0,0.0,0.0,0.0,0.0,0.0,LDCs
Haiti,2002,0.0,0.0,0.0,57.8903088500953,0.0,0.0,0.0,0.0,8754150.0,0.0,0.0,0.0,0.0,0.0,0.0,1486.15228206051,13.01,LDCs
Haiti,2003,0.0,0.0,0.0,58.7247923907005,0.0,0.0,0.0,0.0,8900104.0,0.0,0.0,0.0,0.0,0.0,0.0,0.0,0.0,LDCs
Haiti,2004,0.0,0.0,0.0,59.2574864671638,0.0,0.0,0.0,0.0,9047077.0,0.0,0.0,0.0,0.0,0.0,0.0,0.0,0.0,LDCs
Haiti,2005,0.0,0.0,0.0,59.7530294873754,0.0,0.0,0.0,0.0,9195288.0,0.0,0.0,0.0,0.0,0.0,0.0,0.0,0.0,LDCs
Haiti,2006,0.0,0.0,0.0,60.2473779546556,17.2,62.0,20.4,0.0,9344785.0,0.0,0.0,0.0,0.0,0.0,0.0,0.0,0.0,LDCs
Haiti,2007,0.0,0.0,0.0,60.739256870337,0.0,0.0,0.0,0.0,9495328.0,0.0,0.0,0.0,0.0,0.0,0.0,1370.14750833252,13.01,LDCs
Haiti,2008,0.0,0.0,0.0,61.2299852340875,0.0,0.0,0.0,0.0,9646580.0,0.0,0.0,0.0,0.0,0.0,0.0,0.0,0.0,LDCs
Haiti,2009,0.0,1.45,0.0,61.7165752787622,0.0,0.0,0.0,0.0,9798046.0,1000000.0,1000000.0,0.0,0.0,0.0,0.0,0.0,0.0,LDCs
Haiti,2010,0.0,0.0,0.0,62.2007881303481,0.0,0.0,0.0,0.0,9949322.0,0.0,0.0,0.0,0.0,0.0,0.0,0.0,0.0,LDCs
Haiti,2011,0.0,0.0,0.0,62.6818043251415,0.0,0.0,0.0,0.0,10100320.0,0.0,0.0,0.0,0.0,0.0,0.0,0.0,0.0,LDCs
Haiti,2012,11.1452728670254,0.0,0.0,63.1596589151856,22.2,70.1,7.2,0.0,10250930.0,0.0,0.0,0.0,0.0,0.0,0.0,1269.15314025167,13.01,LDCs
Haiti,2013,0.0,0.0,0.0,63.6326928741815,0.0,0.0,0.0,0.0,10400673.0,0.0,0.0,0.0,0.0,0.0,0.0,0.0,0.0,LDCs
Haiti,2014,0.0,0.0,15.638471,64.1022376066922,0.0,0.0,0.0,0.0,10549008.0,0.0,0.0,0.0,0.0,0.0,0.0,1233.2913199042,13.01,LDCs
Haiti,2015,0.0,0.0,0.0,64.5674850841982,0.0,0.0,0.0,0.0,10695542.0,0.0,0.0,0.0,0.0,0.0,0.0,0.0,0.0,LDCs
Haiti,2016,0.0,0.0,0.0,65.0230172994401,0.0,0.0,0.0,0.0,10839970.0,0.0,0.0,0.0,0.0,0.0,0.0,0.0,0.0,LDCs
Haiti,2017,0.0,0.0,0.0,65.4668259265366,19.4,66.5,14.0,0.0,10982366.0,0.0,0.0,0.0,0.0,0.0,0.0,0.0,0.0,LDCs
Indonesia,2000,0.0,113.3,0.0,75.6529970881114,0.0,0.0,0.0,0.0,211513823.0,0.0,0.0,0.0,0.0,0.0,0.0,0.0,0.0,LDCs
Indonesia,2001,0.0,0.0,0.0,76.6056349670301,0.0,0.0,0.0,0.0,214427417.0,36700000.0,36700000.0,0.0,0.0,0.0,0.0,0.0,0.0,LDCs
Indonesia,2002,5.61168895492818,0.0,0.0,77.5488347595222,0.0,0.0,0.0,0.0,217357793.0,0.0,0.0,0.0,0.0,0.0,0.0,9288.83189387187,2019.0,LDCs
India,2000,0.0,610.4,0.0,79.0238048139873,0.0,0.0,0.0,0.0,1056575549.0,0.0,0.0,0.0,0.0,0.0,0.0,0.0,0.0,LDCs
India,2001,0.0,0.0,0.0,79.5362936681085,0.0,0.0,0.0,0.0,1075000085.0,2100000.0,2100000.0,0.0,0.0,0.0,0.0,0.0,0.0,LDCs
India,2002,42.2130013831259,0.0,0.0,80.3602219668962,0.0,0.0,0.0,0.0,1093317189.0,0.0,0.0,0.0,0.0,0.0,0.0,1322.58050504317,1446.0,LDCs
India,2003,0.0,0.0,0.0,81.184130425863,0.0,0.0,0.0,0.0,1111523144.0,0.0,0.0,0.0,0.0,0.0,0.0,0.0,0.0,LDCs
India,2004,0.0,0.0,0.0,82.008077454381,0.0,0.0,0.0,0.0,1129623456.0,110750000.0,110750000.0,0.0,0.0,0.0,0.0,0.0,0.0,LDCs
India,2005,0.0,0.0,0.0,82.8316665819741,0.0,0.0,0.0,0.0,1147609927.0,0.0,0.0,0.0,0.0,0.0,0.0,0.0,0.0,LDCs
India,2006,0.0,0.0,0.0,83.6549523056458,4.3,44.1,51.3,0.0,1165486291.0,0.0,0.0,0.0,0.0,0.0,0.0,0.0,0.0,LDCs
Kenya,2000,0.0,0.0,0.0,47.3154032589273,0.0,0.0,0.0,0.0,31964557.0,0.0,0.0,0.0,0.0,0.0,0.0,0.0,0.0,LDCs
Kenya,2001,0.0,0.0,0.0,48.0458626226998,0.0,0.0,0.0,0.0,32848564.0,0.0,0.0,0.0,0.0,0.0,0.0,0.0,0.0,LDCs
Kenya,2002,0.0,0.0,0.0,48.7706638115026,0.0,0.0,0.0,0.0,33751739.0,0.0,0.0,0.0,0.0,0.0,0.0,613.3017323937,20.7,LDCs
Kenya,2003,0.0,2.32,0.0,49.4896893503558,16.5,52.0,31.1,0.0,34678779.0,0.0,0.0,0.0,0.0,0.0,0.0,0.0,0.0,LDCs
Kenya,2004,0.0,0.0,0.0,50.2028195842556,0.0,0.0,0.0,0.0,35635271.0,0.0,0.0,0.0,0.0,0.0,0.0,0.0,0.0,LDCs
Kenya,2005,0.0,0.0,0.0,50.9090149321211,0.0,0.0,0.0,0.0,36624895.0,0.0,0.0,0.0,0.0,0.0,0.0,0.0,0.0,LDCs
Kenya,2006,0.0,0.0,0.0,51.6091201894867,0.0,0.0,0.0,0.0,37649033.0,0.0,0.0,0.0,0.0,0.0,0.0,0.0,0.0,LDCs
Kenya,2007,11.207729468599,0.0,0.0,52.3030178189736,0.0,0.0,0.0,0.0,38705932.0,0.0,0.0,33.8,33.8,27.97,3.1,534.801745634235,20.7,LDCs
Kenya,2008,0.0,0.0,0.0,52.9905894261177,0.0,0.0,0.0,0.0,39791981.0,0.0,0.0,0.0,0.0,0.0,0.0,0.0,0.0,LDCs
Kenya,2009,0.0,0.0,0.0,53.6708759848792,16.4,46.5,36.2,0.0,40901792.0,0.0,0.0,0.0,0.0,0.0,0.0,0.0,0.0,LDCs
Kenya,2010,0.0,3.218,0.0,54.3446437599577,0.0,0.0,0.0,0.0,42030676.0,0.0,0.0,0.0,0.0,0.0,0.0,0.0,0.0,LDCs
Kenya,2011,0.0,0.0,0.0,55.0138087173053,0.0,0.0,0.0,0.0,43178257.0,0.0,0.0,0.0,0.0,0.0,0.0,0.0,0.0,LDCs
Kenya,2012,15.5458937198068,0.0,0.0,55.6777193973955,0.0,0.0,0.0,0.0,44343410.0,0.0,0.0,0.0,0.0,0.0,0.0,466.811190208421,20.7,LDCs
Kenya,2013,0.0,0.0,0.0,56.3369312494153,0.0,0.0,0.0,0.0,45519889.0,0.0,0.0,0.0,30.9,0.0,2.1,0.0,0.0,LDCs
Kyrgyz Republic,2000,0.0,10.08,0.0,80.6038391337383,0.0,0.0,0.0,46.3508739778634,4898400.0,0.0,0.0,0.0,0.0,0.0,0.0,0.0,0.0,LDCs
Kyrgyz Republic,2001,0.0,0.0,0.0,80.6034076583657,0.0,0.0,0.0,46.3498241436258,4945100.0,0.0,0.0,0.0,0.0,0.0,0.0,0.0,0.0,LDCs
Kyrgyz Republic,2002,20.6008583690987,0.0,0.0,81.1065524246844,0.0,0.0,0.0,46.5782243661053,4990700.0,0.0,0.0,0.0,0.0,0.0,0.0,9804.23587873445,48.93,LDCs
Kyrgyz Republic,2003,0.0,0.0,0.0,81.6095013300336,0.0,0.0,0.0,46.8061048497892,5043300.0,0.0,0.0,0.0,0.0,0.0,0.0,0.0,0.0,LDCs
Kyrgyz Republic,2004,0.0,0.0,0.0,82.1126666470522,0.0,0.0,0.0,47.0345094447464,5104700.0,0.0,0.0,0.0,0.0,0.0,0.0,0.0,0.0,LDCs
Kyrgyz Republic,2005,0.0,0.0,0.0,82.5723713115551,0.0,0.0,0.0,48.6789972488228,5162600.0,0.0,0.0,0.0,0.0,0.0,0.0,0.0,0.0,LDCs
Kyrgyz Republic,2006,0.0,7.707,0.0,83.0316108813347,0.0,0.0,0.0,50.3446378081964,5218400.0,0.0,0.0,0.0,0.0,0.0,0.0,0.0,0.0,LDCs
Kyrgyz Republic,2007,15.7510729613734,0.0,0.0,83.4899889088802,0.0,0.0,0.0,52.0304066375479,5268400.0,0.0,0.0,0.0,0.0,0.0,0.0,9287.4497000987,48.93,LDCs
Kyrgyz Republic,2008,0.0,0.0,0.0,83.9477050361614,0.0,0.0,0.0,53.7368253154189,5318700.0,0.0,0.0,0.0,0.0,0.0,0.0,0.0,0.0,LDCs
Kyrgyz Republic,2009,0.0,0.0,0.0,84.4049439797367,0.0,0.0,0.0,55.4643713658435,5383300.0,0.0,0.0,0.0,33.9,0.0,0.2,0.0,0.0,LDCs
Kyrgyz Republic,2010,0.0,0.0,0.0,84.8656986298244,0.0,0.0,0.0,57.2233229026091,5447900.0,0.0,0.0,0.0,0.0,0.0,0.0,0.0,0.0,LDCs
Kyrgyz Republic,2011,0.0,0.0,0.0,85.3298783523101,0.0,0.0,0.0,59.0134308572882,5514600.0,0.0,0.0,0.0,0.0,0.0,0.0,0.0,0.0,LDCs
Kyrgyz Republic,2012,0.0,0.0,0.0,85.7973814124943,1.2,29.9,68.2,60.8343652559923,5607200.0,0.0,0.0,0.0,0.0,0.0,0.0,8726.28049650449,48.93,LDCs
Cambodia,2000,0.0,0.0,0.0,52.3476332256045,1.9,59.7,37.8,16.8751754088263,12155239.0,0.0,0.0,0.0,0.0,0.0,0.0,0.0,0.0,LDCs
Cambodia,2001,0.0,0.0,0.0,53.8640218227614,0.0,0.0,0.0,17.3384042761311,12405408.0,0.0,0.0,0.0,0.0,0.0,0.0,0.0,0.0,LDCs
Cambodia,2002,0.0,0.0,0.0,55.3746180939653,0.0,0.0,0.0,17.8026349122474,12637727.0,0.0,0.0,0.0,0.0,0.0,0.0,9542.85529351916,120.6,LDCs
Cambodia,2003,0.0,0.0,0.0,56.8801405852616,0.0,0.0,0.0,18.2678628733198,12856163.0,0.0,0.0,0.0,0.0,0.0,0.0,0.0,0.0,LDCs
Cambodia,2004,0.0,0.0,0.0,58.3856591361195,0.0,0.0,0.0,18.7344345201916,13066469.0,0.0,0.0,0.0,0.0,0.0,0.0,0.0,0.0,LDCs
Cambodia,2005,0.0,0.0,0.0,59.8911518516116,0.0,0.0,0.0,19.2023605499914,13273354.0,0.0,0.0,0.0,0.0,0.0,0.0,0.0,0.0,LDCs
Cambodia,2006,0.0,2.184,0.0,61.3963379664106,0.0,0.0,0.0,19.6713048360517,13477709.0,0.0,0.0,0.0,0.0,0.0,0.0,0.0,0.0,LDCs
Cambodia,2007,1.81094527363184,0.0,0.0,62.9014664421191,0.0,0.0,0.0,20.1416209271348,13679962.0,0.0,0.0,0.0,0.0,0.0,0.0,8815.81396205633,120.6,LDCs
Cambodia,2008,0.0,0.0,0.0,64.4164009358773,0.0,0.0,0.0,20.6266624288827,13883834.0,0.0,0.0,0.0,0.0,0.0,0.0,0.0,0.0,LDCs
Cambodia,2009,0.0,0.0,0.0,65.9839455060449,0.0,0.0,0.0,21.1863819885036,14093604.0,0.0,0.0,0.0,0.0,0.0,0.0,0.0,0.0,LDCs
Cambodia,2010,0.0,0.0,0.0,67.5512338015353,0.0,0.0,0.0,21.7510139775504,14312212.0,0.0,0.0,0.0,0.0,0.0,0.0,0.0,0.0,LDCs
Cambodia,2011,0.0,0.0,0.0,69.1181915867033,0.0,0.0,0.0,22.3206205574601,14541423.0,0.0,0.0,0.0,0.0,0.0,0.0,0.0,0.0,LDCs
Cambodia,2012,0.0,0.0,0.0,70.6847513005419,0.0,0.0,0.0,22.8952670547348,14780454.0,0.0,0.0,0.0,0.0,0.0,0.0,8159.42460224835,120.6,LDCs
Cambodia,2013,0.0,0.0,0.0,72.2505939403289,0.0,0.0,0.0,23.4746366747247,15026332.0,0.0,0.0,0.0,53.1,0.0,0.7,0.0,0.0,LDCs
Cambodia,2014,0.0,0.0,0.609493,73.8161514524413,0.0,0.0,0.0,24.0595507107873,15274503.0,0.0,0.0,0.0,0.0,0.0,0.0,7895.5105773327,120.6,LDCs
Lao PDR,2000,0.0,0.0,0.0,46.5160589525768,0.0,0.0,0.0,5.08624397709875,5323700.0,0.0,0.0,0.0,0.0,0.0,0.0,0.0,0.0,LDCs
Lao PDR,2001,0.0,0.0,0.0,48.8248145212491,0.0,0.0,0.0,6.85009442577124,5409582.0,0.0,0.0,0.0,0.0,0.0,0.0,0.0,0.0,LDCs
Lao PDR,2002,0.0,0.0,0.0,51.1248236789426,0.0,0.0,0.0,8.74184843178267,5493246.0,0.0,0.0,0.0,0.0,0.0,0.0,34660.7452133038,190.4,LDCs
Lao PDR,2003,0.0,0.0,0.0,53.4133290511978,0.0,0.0,0.0,10.4026536186266,5576640.0,0.0,0.0,0.0,0.0,0.0,0.0,0.0,0.0,LDCs
Lao PDR,2004,0.0,0.0,0.0,55.6901470175997,0.0,0.0,0.0,10.8831666681233,5662208.0,0.0,0.0,0.0,0.0,0.0,0.0,0.0,0.0,LDCs
Lao PDR,2005,0.0,3.493,0.0,57.8862572899542,0.0,0.0,0.0,11.3357787032652,5751676.0,0.0,0.0,0.0,0.0,0.0,0.0,0.0,0.0,LDCs
Lao PDR,2006,0.0,0.0,0.0,59.9411933444242,0.0,0.0,0.0,11.7274227581389,5846074.0,0.0,0.0,0.0,0.0,0.0,0.0,0.0,0.0,LDCs
Lao PDR,2007,1.83455882352941,0.0,0.0,61.9868357930971,0.0,0.0,0.0,12.1196881842647,5944948.0,0.0,0.0,0.0,0.0,0.0,0.0,32027.1935095143,190.4,LDCs
Lao PDR,2008,0.0,0.0,0.0,64.023794217757,0.0,0.0,0.0,12.5130422147917,6046620.0,0.0,0.0,0.0,0.0,0.0,0.0,0.0,0.0,LDCs
Lao PDR,2009,0.0,0.0,0.0,66.0505668061032,0.0,0.0,0.0,12.9068482756213,6148623.0,0.0,0.0,0.0,0.0,0.0,3.0,0.0,0.0,LDCs
Liberia,2000,0.0,0.1308,0.0,62.1735978808969,0.0,0.0,0.0,0.0,2848456.0,0.0,0.0,0.0,0.0,0.0,0.0,0.0,0.0,LDCs
Liberia,2001,0.0,0.0,0.0,63.039946209288,0.0,0.0,0.0,0.0,2953927.0,0.0,0.0,0.0,0.0,0.0,0.0,0.0,0.0,LDCs
Liberia,2002,0.0654,0.0,0.0,63.9036666060885,0.0,0.0,0.0,0.0,3024729.0,0.0,0.0,0.0,0.0,0.0,0.0,66121.6261027021,200.0,LDCs
Liberia,2003,0.0,0.0,0.0,64.764190356884,0.0,0.0,0.0,0.0,3077058.0,0.0,0.0,0.0,0.0,0.0,0.0,0.0,0.0,LDCs
Liberia,2004,0.0,0.0,0.0,65.6217817543706,0.0,0.0,0.0,0.0,3135651.0,0.0,0.0,0.0,0.0,0.0,0.0,0.0,0.0,LDCs
Liberia,2005,0.0,0.0,0.0,66.4761642799921,0.0,0.0,0.0,0.0,3218116.0,0.0,0.0,0.0,0.0,0.0,0.0,0.0,0.0,LDCs
Liberia,2006,0.0,0.0,0.0,67.0587255136072,0.0,0.0,0.0,0.0,3329211.0,0.0,0.0,0.0,0.0,0.0,0.0,0.0,0.0,LDCs
Liberia,2007,0.0,0.0,0.0,67.6317688682657,2.9,84.9,10.6,0.0,3461911.0,0.0,0.0,0.0,0.0,0.0,0.0,57771.5602740798,200.0,LDCs
Liberia,2008,0.0,0.0,0.0,68.1951081851275,0.0,0.0,0.0,0.0,3607860.0,0.0,0.0,0.0,0.0,0.0,0.0,0.0,0.0,LDCs
Liberia,2009,0.0,0.0,0.0,68.7515198074949,0.0,0.0,0.0,0.0,3754133.0,0.0,0.0,54.6,54.6,7.06,2.0,0.0,0.0,LDCs
Liberia,2010,0.0,0.0,0.0,69.3009517848353,0.0,0.0,0.0,0.0,3891356.0,0.0,0.0,0.0,0.0,0.0,0.0,0.0,0.0,LDCs
Liberia,2011,0.0,0.0,0.0,69.8435929346117,5.3,82.8,10.3,0.0,4017443.0,0.0,0.0,0.0,0.0,0.0,0.0,0.0,0.0,LDCs
Liberia,2012,0.0,0.0,0.0,70.3789191079191,0.0,0.0,0.0,0.0,4135659.0,0.0,0.0,0.0,0.0,0.0,0.0,48359.8865380342,200.0,LDCs
Liberia,2013,0.0,0.0,0.0,70.9073634337398,10.2,78.8,7.6,0.0,4248334.0,0.0,0.0,0.0,0.0,0.0,0.0,0.0,0.0,LDCs
Liberia,2014,0.0,0.0,0.078938,71.4284276157321,0.0,0.0,0.0,0.0,4359505.0,0.0,0.0,0.0,0.0,0.0,0.0,45876.7681193163,200.0,LDCs
Liberia,2015,0.0,0.0,0.0,71.9423144651017,0.0,0.0,0.0,0.0,4472230.0,0.0,0.0,0.0,0.0,0.0,0.0,0.0,0.0,LDCs
Liberia,2016,0.0,0.0,0.0,72.4490013718414,3.8,73.9,21.5,0.0,4586788.0,0.0,0.0,0.0,0.0,0.0,0.0,0.0,0.0,LDCs
Liberia,2017,0.0,0.0,0.0,72.9480309493773,0.0,0.0,0.0,0.0,4702228.0,0.0,0.0,0.0,45.6,0.0,4.4,0.0,0.0,LDCs
Lesotho,2000,0.0,0.0438,0.0,67.4661309108153,0.0,0.0,0.0,0.0,2032804.0,0.0,0.0,0.0,0.0,0.0,0.0,0.0,0.0,LDCs
Lesotho,2001,0.0,0.0,0.0,67.4587549240116,0.0,0.0,0.0,0.0,2035740.0,0.0,0.0,0.0,0.0,0.0,0.0,0.0,0.0,LDCs
Lesotho,2002,0.837476099426386,0.0,0.0,67.4655432161296,0.0,0.0,0.0,0.0,2029829.0,0.0,0.0,0.0,0.0,0.0,0.0,2576.57172106616,5.23,LDCs
Lesotho,2003,0.0,0.0,0.0,67.4866658539431,0.0,0.0,0.0,0.0,2018348.0,0.0,0.0,0.0,0.0,0.0,0.0,0.0,0.0,LDCs
Lesotho,2004,0.0,0.0,0.0,67.5228486688529,20.5,64.1,15.2,0.0,2005940.0,0.0,0.0,0.0,0.0,0.0,0.0,0.0,0.0,LDCs
Moldova,2000,0.0,0.0,0.0,83.2463956502386,0.0,0.0,0.0,40.4163173370497,2923783.0,0.0,0.0,0.0,0.0,0.0,0.0,0.0,0.0,LDCs
Moldova,2001,0.0,0.0,0.0,83.5205691363756,0.0,0.0,0.0,42.3229915287763,2917252.0,0.0,0.0,0.0,0.0,0.0,0.0,0.0,0.0,LDCs
Moldova,2002,0.0,0.0,0.0,83.7984646460362,0.0,0.0,0.0,44.2711294211138,2910504.0,0.0,0.0,0.0,0.0,0.0,0.0,556.604629301317,1.62,LDCs
Moldova,2003,0.0,0.0,0.0,84.080082149208,0.0,0.0,0.0,46.2612107702693,2902320.0,0.0,0.0,0.0,0.0,0.0,0.0,0.0,0.0,LDCs
Moldova,2004,0.0,0.0,0.0,84.3656203058545,0.0,0.0,0.0,48.29423671103,2895147.0,0.0,0.0,0.0,0.0,0.0,0.0,0.0,0.0,LDCs
Madagascar,2000,0.0,13.37,0.0,35.7685111001278,0.0,0.0,0.0,0.0,15766806.0,0.0,0.0,0.0,0.0,0.0,0.0,0.0,0.0,LDCs
Madagascar,2001,0.0,0.0,0.0,36.6705348486581,0.0,0.0,0.0,0.0,16260932.0,0.0,0.0,0.0,0.0,0.0,0.0,0.0,0.0,LDCs
Madagascar,2002,3.9673590504451,0.0,0.0,37.5802687299351,0.0,0.0,0.0,0.0,16765117.0,0.0,0.0,0.0,0.0,0.0,0.0,20101.2614466096,337.0,LDCs
Madagascar,2003,0.0,0.0,0.0,38.4972710074432,0.0,0.0,0.0,0.0,17279141.0,0.0,0.0,0.0,0.0,0.0,0.0,0.0,0.0,LDCs
Madagascar,2004,0.0,0.0,0.0,39.421992776655,4.1,82.0,13.7,0.0,17802997.0,0.0,0.0,0.0,0.0,0.0,0.0,0.0,0.0,LDCs
Madagascar,2005,0.0,0.0,0.0,40.5036229615716,0.0,0.0,0.0,0.0,18336724.0,0.0,0.0,0.0,0.0,0.0,0.0,0.0,0.0,LDCs
Madagascar,2006,0.0,13.56,0.0,41.5978267969691,0.0,0.0,0.0,0.0,18880269.0,0.0,0.0,0.0,0.0,0.0,0.0,0.0,0.0,LDCs
Madagascar,2007,4.02373887240356,0.0,0.0,42.7041911112255,0.0,0.0,0.0,0.0,19433530.0,0.0,0.0,0.0,0.0,0.0,0.0,17341.1624136222,337.0,LDCs
Madagascar,2008,0.0,0.0,0.0,43.8236985242404,0.0,0.0,0.0,0.0,19996473.0,0.0,0.0,0.0,0.0,0.0,0.0,0.0,0.0,LDCs
Madagascar,2009,0.0,0.0,0.0,44.9540601179058,4.2,79.8,15.6,0.0,20569117.0,0.0,0.0,13.7,13.6,114.71,0.5,0.0,0.0,LDCs
Madagascar,2010,0.0,0.0,0.0,46.0962387735797,0.0,0.0,0.0,0.0,21151640.0,0.0,0.0,0.0,0.0,0.0,0.0,0.0,0.0,LDCs
Madagascar,2011,0.0,0.0,0.0,47.2497952807509,0.0,0.0,0.0,0.0,21743967.0,0.0,0.0,0.0,0.0,0.0,0.0,0.0,0.0,LDCs
Madagascar,2012,0.0,0.0,0.0,48.4147498324706,0.0,0.0,0.0,0.0,22346641.0,0.0,0.0,0.0,0.0,0.0,0.0,15080.5662470704,337.0,LDCs
Madagascar,2013,0.0,0.0,0.0,49.5906490787482,0.0,0.0,0.0,0.0,22961253.0,0.0,0.0,0.0,20.3,0.0,0.7,0.0,0.0,LDCs
Madagascar,2014,0.0,0.0,5.758778,50.7779933020983,0.0,0.0,0.0,0.0,23589887.0,0.0,0.0,0.0,0.0,0.0,0.0,14285.7827169753,337.0,LDCs
Madagascar,2015,0.0,0.0,0.0,51.97582900058,0.0,0.0,0.0,0.0,24234088.0,0.0,0.0,0.0,0.0,0.0,0.0,0.0,0.0,LDCs
Madagascar,2016,0.0,0.0,0.0,53.1846496293679,5.9,64.2,27.3,0.0,24894380.0,0.0,0.0,0.0,0.0,0.0,0.0,0.0,0.0,LDCs
Madagascar,2017,0.0,0.0,0.0,54.4039816407791,0.0,0.0,0.0,0.0,25570540.0,0.0,0.0,0.0,0.0,0.0,0.0,0.0,0.0,LDCs
Mali,2000,0.0,0.0,0.0,48.7451334069224,0.0,0.0,0.0,0.0,10946445.0,0.0,0.0,0.0,0.0,0.0,0.0,0.0,0.0,LDCs
Mali,2001,0.0,0.0,0.0,50.4530937843948,6.4,62.9,30.3,0.0,11271600.0,0.0,0.0,0.0,0.0,0.0,0.0,0.0,0.0,LDCs
Mali,2002,0.0,0.0,0.0,52.2251036755982,0.0,0.0,0.0,0.0,11616887.0,0.0,0.0,0.0,0.0,0.0,0.0,5164.89486383056,60.0,LDCs
Mali,2003,0.0,0.0,0.0,53.9959762972774,0.0,0.0,0.0,0.0,11982695.0,0.0,0.0,0.0,0.0,0.0,0.0,0.0,0.0,LDCs
Mali,2004,0.0,0.0,0.0,55.7658800563314,0.0,0.0,0.0,0.0,12369070.0,0.0,0.0,0.0,0.0,0.0,0.0,0.0,0.0,LDCs
Mali,2005,0.0,0.0,0.0,57.5325069720029,0.0,0.0,0.0,0.0,12775516.0,0.0,0.0,0.0,0.0,0.0,0.0,0.0,0.0,LDCs
Mali,2006,0.0,5.186,0.0,59.2970593478632,2.3,51.7,45.4,0.0,13203378.0,0.0,0.0,0.0,0.0,0.0,0.0,0.0,0.0,LDCs
Mali,2007,8.64333333333333,0.0,0.0,61.0576190097347,0.0,0.0,0.0,0.0,13651464.0,0.0,0.0,36.7,36.7,42.64,1.5,4395.13300551501,60.0,LDCs
Mali,2008,0.0,0.0,0.0,62.8146362977258,0.0,0.0,0.0,0.0,14113577.0,0.0,0.0,0.0,0.0,0.0,0.0,0.0,0.0,LDCs
Mali,2009,0.0,0.0,0.0,64.5659513695512,0.0,0.0,0.0,0.0,14581429.0,0.0,0.0,0.0,0.0,0.0,0.0,0.0,0.0,LDCs
Mali,2010,0.0,0.0,0.0,66.3098744790465,0.0,0.0,0.0,0.0,15049353.0,0.0,0.0,40.2,40.2,75.01,0.8,0.0,0.0,LDCs
Mali,2011,0.0,0.0,0.0,68.0457360430397,0.0,0.0,0.0,0.0,15514591.0,0.0,0.0,0.0,0.0,0.0,0.0,0.0,0.0,LDCs
Mali,2012,0.0,0.0,0.0,69.7729065031929,0.0,0.0,0.0,0.0,15979499.0,0.0,0.0,0.0,0.0,0.0,0.0,3754.81108638012,60.0,LDCs
Mali,2013,0.0,0.0,0.0,71.4907916074873,3.2,56.9,37.1,0.0,16449864.0,0.0,0.0,0.0,0.0,0.0,0.0,0.0,0.0,LDCs
Mali,2014,0.0,0.0,5.820419,73.1991017411627,0.0,0.0,0.0,0.0,16934220.0,0.0,0.0,0.0,0.0,0.0,0.0,3543.12156095764,60.0,LDCs
Mali,2015,0.0,0.0,0.0,74.8970316352499,4.8,66.1,27.5,0.0,17438778.0,0.0,0.0,0.0,0.0,0.0,0.0,0.0,0.0,LDCs
Mali,2016,0.0,0.0,0.0,76.5843496799287,0.0,0.0,0.0,0.0,17965429.0,0.0,0.0,0.0,31.2,0.0,0.4,0.0,0.0,LDCs
Mali,2017,0.0,0.0,0.0,78.2608295772641,0.0,0.0,0.0,0.0,18512394.0,0.0,0.0,0.0,0.0,0.0,0.0,0.0,0.0,LDCs
Myanmar,2000,0.0,33.23,0.0,46.2678787017196,0.0,0.0,0.0,0.0,46719701.0,0.0,0.0,0.0,0.0,0.0,0.0,0.0,0.0,LDCs
Myanmar,2001,0.0,0.0,0.0,48.3066262698563,0.0,0.0,0.0,0.0,47225120.0,0.0,0.0,0.0,0.0,0.0,0.0,0.0,0.0,LDCs
Myanmar,2002,3.31306081754736,0.0,0.0,50.3842228683964,0.0,0.0,0.0,0.0,47702171.0,0.0,0.0,0.0,0.0,0.0,0.0,21026.296685742,1003.0,LDCs
Myanmar,2003,0.0,0.0,0.0,52.5007382965634,0.0,0.0,0.0,0.0,48148902.0,0.0,0.0,0.0,0.0,0.0,0.0,0.0,0.0,LDCs
Myanmar,2004,0.0,0.0,0.0,54.655946613146,0.0,0.0,0.0,0.0,48564484.0,0.0,0.0,0.0,0.0,0.0,0.0,0.0,0.0,LDCs
Myanmar,2005,0.0,0.0,0.0,56.8496160961009,0.0,0.0,0.0,0.0,48949924.0,0.0,0.0,0.0,0.0,0.0,0.0,0.0,0.0,LDCs
Myanmar,2006,0.0,0.0,0.0,59.0812431604463,0.0,0.0,0.0,0.0,49301050.0,0.0,0.0,0.0,0.0,0.0,0.0,0.0,0.0,LDCs
Myanmar,2007,0.0,0.0,0.0,61.3508699553703,0.0,0.0,0.0,0.0,49621475.0,0.0,0.0,0.0,0.0,0.0,0.0,20213.0226882615,1003.0,LDCs
Myanmar,2008,0.0,0.0,0.0,63.6582584339926,0.0,0.0,0.0,0.0,49929642.0,0.0,0.0,0.0,0.0,0.0,0.0,0.0,0.0,LDCs
Myanmar,2009,0.0,0.0,0.0,66.0029377542224,0.0,0.0,0.0,0.0,50250367.0,0.0,0.0,0.0,0.0,0.0,0.0,0.0,0.0,LDCs
Myanmar,2010,0.0,0.0,0.0,68.3851304129501,0.0,0.0,0.0,0.0,50600818.0,0.0,0.0,0.0,0.0,0.0,0.0,0.0,0.0,LDCs
Myanmar,2011,0.0,0.0,0.0,70.8041442234569,0.0,0.0,0.0,0.0,50990615.0,0.0,0.0,0.0,0.0,0.0,0.0,0.0,0.0,LDCs
Myanmar,2012,0.0,0.0,0.0,73.2599550097131,0.0,0.0,0.0,0.0,51413698.0,0.0,0.0,0.0,0.0,0.0,0.0,19508.4197211412,1003.0,LDCs
Myanmar,2013,0.0,0.0,0.0,75.7521345943812,0.0,0.0,0.0,0.0,51852451.0,0.0,0.0,0.0,0.0,0.0,0.0,0.0,0.0,LDCs
Mongolia,2000,0.0,0.0,0.0,61.8168067751584,0.0,0.0,0.0,22.3030408001585,2397418.0,0.0,0.0,0.0,0.0,0.0,0.0,0.0,0.0,LDCs
Mongolia,2001,0.0,0.0,0.0,63.3626247123304,0.0,0.0,0.0,22.5737114288763,2419588.0,0.0,0.0,0.0,0.0,0.0,0.0,0.0,0.0,LDCs
Mongolia,2002,0.0,0.0,0.0,64.8988933623391,0.0,0.0,0.0,22.8313901799442,2443271.0,0.0,0.0,0.0,0.0,0.0,0.0,14243.2010202716,34.8,LDCs
Mongolia,2003,0.0,0.0,0.0,66.4243569998987,0.0,0.0,0.0,23.0752751334318,2468762.0,0.0,0.0,0.0,0.0,0.0,0.0,0.0,0.0,LDCs
Mongolia,2004,0.0,0.0,0.0,67.9378131682935,0.0,0.0,0.0,23.3046082361367,2496391.0,0.0,0.0,0.0,0.0,0.0,0.0,0.0,0.0,LDCs
Mongolia,2005,0.0,0.0,0.0,69.4359692012233,0.0,0.0,0.0,23.5173520643465,2526424.0,0.0,0.0,0.0,0.0,0.0,0.0,0.0,0.0,LDCs
Mongolia,2006,0.0,0.54,0.0,70.920459836639,0.0,0.0,0.0,23.7145404897938,2558856.0,0.0,0.0,0.0,0.0,0.0,0.0,0.0,0.0,LDCs
Mozambique,2000,0.0,0.0,0.0,19.8965710725225,0.0,0.0,0.0,0.0,17711927.0,0.0,0.0,0.0,0.0,0.0,0.0,0.0,0.0,LDCs
Mozambique,2001,0.0,0.8842,0.0,21.4029595074383,0.0,0.0,0.0,0.0,18221888.0,0.0,0.0,0.0,0.0,0.0,0.0,0.0,0.0,LDCs
Mozambique,2002,0.881555333998006,0.0,0.0,23.392324062278,0.0,0.0,0.0,0.0,18764155.0,0.0,0.0,0.0,0.0,0.0,0.0,5345.29798970431,100.3,LDCs
Mozambique,2003,0.0,0.0,0.0,25.3902556688032,26.5,65.2,8.2,0.0,19331100.0,0.0,0.0,0.0,0.0,0.0,0.0,0.0,0.0,LDCs
Mozambique,2004,0.0,0.0,0.0,27.3972145163744,0.0,0.0,0.0,0.0,19910552.0,0.0,0.0,0.0,0.0,0.0,0.0,0.0,0.0,LDCs
Mozambique,2005,0.0,0.0,0.0,29.4126192445651,0.0,0.0,0.0,0.0,20493925.0,0.0,0.0,0.0,0.0,0.0,0.0,0.0,0.0,LDCs
Mozambique,2006,0.0,0.0,0.0,31.437420153518,0.0,0.0,0.0,0.0,21080110.0,0.0,0.0,0.0,0.0,0.0,0.0,0.0,0.0,LDCs
Mozambique,2007,0.0,0.0,0.0,33.4700429794652,0.0,0.0,0.0,0.0,21673316.0,0.0,0.0,16.2,16.2,34.1,0.4,4627.81052977772,100.3,LDCs
Mozambique,2008,0.0,0.0,0.0,35.6516345185536,0.0,0.0,0.0,0.0,22276596.0,0.0,0.0,0.0,0.0,0.0,0.0,0.0,0.0,LDCs
Mozambique,2009,0.0,0.0,0.0,37.8522599712364,0.0,0.0,0.0,0.0,22894710.0,0.0,0.0,0.0,0.0,0.0,0.0,0.0,0.0,LDCs
Mozambique,2010,0.0,0.0,0.0,40.0607482650875,0.0,0.0,0.0,0.0,23531574.0,0.0,0.0,0.0,0.0,0.0,0.0,0.0,0.0,LDCs
Mozambique,2011,0.0,0.0,0.0,42.2759012343978,27.2,55.3,15.2,0.0,24187487.0,0.0,0.0,0.0,0.0,0.0,0.0,0.0,0.0,LDCs
Mozambique,2012,0.0,0.0,0.0,44.4975048950237,0.0,0.0,0.0,0.0,24862648.0,0.0,0.0,0.0,0.0,0.0,0.0,4034.16401985822,100.3,LDCs
Mozambique,2013,0.0,0.0,0.0,46.7253337426052,0.0,0.0,0.0,0.0,25560725.0,0.0,0.0,0.0,0.0,0.0,0.0,0.0,0.0,LDCs
Mozambique,2014,0.0,0.0,0.927968,48.9591635937231,0.0,0.0,0.0,0.0,26286163.0,0.0,0.0,0.0,0.0,0.0,0.0,3815.69573315056,100.3,LDCs
Mozambique,2015,0.0,1.473,0.0,51.1987759754268,20.4,51.4,21.5,0.0,27042002.0,0.0,0.0,0.0,0.0,0.0,0.0,0.0,0.0,LDCs
Mozambique,2016,0.0,0.0,0.0,53.4439342451485,0.0,0.0,0.0,0.0,27829942.0,0.0,0.0,0.0,0.0,0.0,0.0,0.0,0.0,LDCs
Mozambique,2017,0.0,0.0,0.0,55.693975618687,0.0,0.0,0.0,0.0,28649007.0,0.0,0.0,0.0,0.0,0.0,0.0,0.0,0.0,LDCs
Mauritania,2000,0.0,1.599,0.0,40.9955269450152,0.0,0.0,0.0,0.0,2630219.0,0.0,0.0,0.0,0.0,0.0,0.0,0.0,0.0,LDCs
Mauritania,2001,0.0,0.0,0.0,42.0162098792475,17.4,45.6,35.8,0.0,2702400.0,0.0,0.0,0.0,0.0,0.0,0.0,0.0,0.0,LDCs
Mauritania,2002,399.75,0.0,0.0,43.7079988247467,0.0,0.0,0.0,0.0,2778099.0,0.0,0.0,0.0,0.0,0.0,0.0,143.983349765433,0.4,LDCs
Mauritania,2003,0.0,0.0,0.0,45.4159827486183,0.0,0.0,0.0,0.0,2857148.0,0.0,0.0,0.0,0.0,0.0,0.0,0.0,0.0,LDCs
Mauritania,2004,0.0,0.0,0.0,47.1399008401626,0.0,0.0,0.0,0.0,2939247.0,0.0,0.0,0.0,0.0,0.0,0.0,0.0,0.0,LDCs
Mauritania,2005,0.0,1.348,0.0,48.8782642963377,0.0,0.0,0.0,0.0,3024194.0,0.0,0.0,0.0,0.0,0.0,0.0,0.0,0.0,LDCs
Mauritania,2006,0.0,0.0,0.0,50.6312219773467,0.0,0.0,0.0,0.0,3111906.0,0.0,0.0,76.4,76.4,22.57,3.2,0.0,0.0,LDCs
Mauritania,2007,337.0,0.0,0.0,52.3985067544002,0.0,0.0,0.0,0.0,3202517.0,0.0,0.0,0.0,0.0,0.0,0.0,124.90175696179,0.4,LDCs
Mauritania,2008,0.0,0.0,0.0,54.1802554837701,0.0,0.0,0.0,0.0,3296238.0,0.0,0.0,0.0,0.0,0.0,0.0,0.0,0.0,LDCs
Mauritania,2009,0.0,0.0,0.0,55.9737656918127,0.0,0.0,0.0,0.0,3393409.0,0.0,0.0,0.0,0.0,0.0,0.0,0.0,0.0,LDCs
Mauritania,2011,0.0,0.0,0.0,59.5994641254351,0.0,0.0,0.0,0.0,3598648.0,0.0,0.0,0.0,0.0,0.0,0.0,0.0,0.0,LDCs
Malawi,2000,0.0,0.0,0.0,52.9420746952472,26.9,63.6,9.4,0.0,11148758.0,0.0,0.0,0.0,0.0,0.0,0.0,0.0,0.0,LDCs
Malawi,2001,0.0,0.0,0.0,53.8962268463375,0.0,0.0,0.0,0.0,11432000.0,0.0,0.0,0.0,0.0,0.0,0.0,0.0,0.0,LDCs
Malawi,2002,8.2094175960347,1.325,0.0,54.8470163840412,0.0,0.0,0.0,0.0,11713664.0,0.0,0.0,0.0,0.0,0.0,0.0,1377.87800640346,16.14,LDCs
Malawi,2003,0.0,0.0,0.0,55.7948097863462,0.0,0.0,0.0,0.0,12000181.0,0.0,0.0,0.0,0.0,0.0,0.0,0.0,0.0,LDCs
Malawi,2004,0.0,0.0,0.0,56.7392235296364,22.8,62.9,14.1,0.0,12301838.0,0.0,0.0,0.0,0.0,0.0,0.0,0.0,0.0,LDCs
Malawi,2005,0.0,1.357,0.0,57.6806029415617,0.0,0.0,0.0,0.0,12625952.0,0.0,0.0,0.0,0.0,0.0,0.0,0.0,0.0,LDCs
Malawi,2006,0.0,0.0,0.0,58.618589061965,0.0,0.0,0.0,0.0,12973699.0,0.0,0.0,26.32,0.0,71.56,0.0,0.0,0.0,LDCs
Malawi,2007,8.40768277571251,0.0,0.0,59.5534983403009,0.0,0.0,0.0,0.0,13341806.0,0.0,0.0,0.0,0.0,0.0,0.0,1209.7312762605,16.14,LDCs
Malawi,2008,0.0,0.0,0.0,60.4850041085615,0.0,0.0,0.0,0.0,13727890.0,0.0,0.0,0.0,0.0,0.0,0.0,0.0,0.0,LDCs
Malawi,2009,0.0,0.0,0.0,61.4165813241217,0.0,0.0,0.0,0.0,14128155.0,0.0,0.0,0.0,0.0,69.68,0.5,0.0,0.0,LDCs
Malawi,2010,0.0,0.0,0.0,62.3478472914093,25.1,63.8,10.5,0.0,14539612.0,0.0,0.0,0.0,0.0,0.0,0.0,0.0,0.0,LDCs
Malawi,2011,0.0,0.0,0.0,63.2786917926542,0.0,0.0,0.0,0.0,14962112.0,0.0,0.0,0.0,0.0,0.0,0.0,0.0,0.0,LDCs
Malawi,2012,0.0,0.0,0.0,64.2084385074463,12.2,50.3,33.0,0.0,15396005.0,0.0,0.0,0.0,0.0,0.0,0.0,1048.32389960902,16.14,LDCs
Malawi,2013,0.0,0.0,0.0,65.137199267221,0.0,0.0,0.0,0.0,15839269.0,0.0,0.0,0.0,0.0,0.0,0.0,0.0,0.0,LDCs
Malawi,2014,0.0,0.0,11.077864,66.0640591396728,16.2,56.8,23.6,0.0,16289540.0,0.0,0.0,0.0,27.3,0.0,5.3,990.819875822153,16.14,LDCs
Malawi,2015,0.0,0.0,0.0,66.9893135047537,0.0,0.0,0.0,0.0,16745303.0,0.0,0.0,0.0,0.0,0.0,0.0,0.0,0.0,LDCs
Malawi,2016,0.0,0.0,0.0,67.9118401090138,28.5,55.1,15.4,0.0,17205289.0,0.0,0.0,0.0,0.0,0.0,0.0,0.0,0.0,LDCs
Malawi,2017,0.0,0.0,0.0,68.8318767609239,12.4,70.2,14.4,0.0,17670260.0,0.0,0.0,0.0,0.0,0.0,0.0,0.0,0.0,LDCs
Niger,2000,0.0,0.0,0.0,35.660651902938,0.0,0.0,0.0,0.0,11331557.0,0.0,0.0,0.0,0.0,0.0,0.0,0.0,0.0,LDCs
Niger,2001,0.0,0.0,0.0,36.6732567614026,0.0,0.0,0.0,0.0,11751365.0,3400000.0,3400000.0,0.0,0.0,0.0,0.0,0.0,0.0,LDCs
Niger,2002,0.0,0.0,0.0,37.6177887569928,0.0,0.0,0.0,0.0,12189983.0,0.0,0.0,0.0,0.0,0.0,0.0,287.120991062908,3.5,LDCs
Niger,2003,0.0,0.0,0.0,38.5497928111453,0.0,0.0,0.0,0.0,12647984.0,0.0,0.0,0.0,0.0,0.0,0.0,0.0,0.0,LDCs
Niger,2004,0.0,0.0,0.0,39.4685896248907,0.0,0.0,0.0,0.0,13125916.0,0.0,0.0,0.0,0.0,0.0,0.0,0.0,0.0,LDCs
Niger,2005,0.0,0.9836,0.0,40.3735691224517,0.0,0.0,0.0,0.0,13624467.0,0.0,0.0,0.0,0.0,0.0,0.0,0.0,0.0,LDCs
Niger,2006,0.0,0.0,0.0,41.2659561726224,26.1,59.6,13.5,0.0,14143971.0,0.0,0.0,28.6,0.0,33.06,0.0,0.0,0.0,LDCs
Niger,2007,28.1028571428571,0.0,0.0,42.1451293944208,0.0,0.0,0.0,0.0,14685399.0,0.0,0.0,0.0,0.0,0.0,0.0,238.33196496738,3.5,LDCs
Niger,2008,0.0,0.0,0.0,43.0105341002704,0.0,0.0,0.0,0.0,15250908.0,0.0,0.0,0.0,0.0,0.0,0.0,0.0,0.0,LDCs
Niger,2009,0.0,0.0,0.0,43.8632883768507,0.0,0.0,0.0,0.0,15843133.0,0.0,0.0,22.6,22.5,29.63,0.2,0.0,0.0,LDCs
Niger,2010,0.0,0.0,0.0,44.7028224917976,0.0,0.0,0.0,0.0,16464025.0,0.0,0.0,0.0,0.0,0.0,0.0,0.0,0.0,LDCs
Niger,2011,0.0,0.0,0.0,45.5286323037196,0.0,0.0,0.0,0.0,17114761.0,0.0,0.0,0.0,0.0,0.0,0.0,0.0,0.0,LDCs
Niger,2012,0.0,0.0,0.0,46.3417357128832,33.2,54.4,10.7,0.0,17795191.0,0.0,0.0,0.0,0.0,0.0,0.0,196.682350866591,3.5,LDCs
Niger,2013,0.0,0.0,0.0,47.141612016389,0.0,0.0,0.0,0.0,18504255.0,0.0,0.0,0.0,0.0,0.0,0.0,0.0,0.0,LDCs
Niger,2014,0.0,0.0,3.748312,47.9350721680783,0.0,0.0,0.0,0.0,19240157.0,0.0,0.0,0.0,0.0,0.0,0.0,181.911197502183,3.5,LDCs
Niger,2015,0.0,0.0,0.0,48.7222694050582,0.0,0.0,0.0,0.0,20001663.0,0.0,0.0,0.0,0.0,0.0,0.0,0.0,0.0,LDCs
Niger,2016,0.0,0.0,0.0,49.5015623708971,0.0,0.0,0.0,0.0,20788838.0,0.0,0.0,0.0,0.0,0.0,0.0,0.0,0.0,LDCs
Niger,2017,0.0,0.0,0.0,50.2730650635092,0.0,0.0,0.0,0.0,21602472.0,0.0,0.0,0.0,18.8,0.0,0.5,0.0,0.0,LDCs
Nigeria,2000,0.0,10.31,0.0,48.1510026814615,0.0,0.0,0.0,15.3815146803736,122283850.0,0.0,0.0,0.0,0.0,0.0,0.0,0.0,0.0,LDCs
Nigeria,2001,0.0,0.0,0.0,49.2953231276425,0.0,0.0,0.0,15.7473360763361,125394046.0,0.0,0.0,0.0,0.0,0.0,0.0,0.0,0.0,LDCs
Nigeria,2002,4.66515837104072,0.0,0.0,50.6863499040854,0.0,0.0,0.0,16.0646388459546,128596076.0,0.0,0.0,0.0,0.0,0.0,0.0,1718.55943722575,221.0,LDCs
Nigeria,2003,0.0,0.0,0.0,52.0778990567281,18.7,52.2,28.3,16.3763867086201,131900631.0,0.0,0.0,0.0,0.0,0.0,0.0,0.0,0.0,LDCs
Nigeria,2004,0.0,0.0,0.0,53.4695570062202,0.0,0.0,0.0,16.6825185490631,135320422.0,0.0,0.0,0.0,0.0,0.0,0.0,0.0,0.0,LDCs
Nigeria,2005,0.0,11.57,0.0,54.8605582265506,0.0,0.0,0.0,16.982869987221,138865016.0,0.0,0.0,0.0,0.0,0.0,0.0,0.0,0.0,LDCs
Nigeria,2006,0.0,0.0,0.0,56.2512390994534,0.0,0.0,0.0,17.2776276012681,142538308.0,0.0,0.0,0.0,0.0,0.0,0.0,0.0,0.0,LDCs
Nigeria,2007,5.23529411764706,0.0,0.0,57.641566343586,0.0,0.0,0.0,17.5668620613858,146339977.0,0.0,0.0,32.8,32.8,11.28,9.6,1510.182005837,221.0,LDCs
Nicaragua,2000,0.0,0.0,0.0,81.2171096576032,0.0,0.0,0.0,48.2597091025091,5069302.0,0.0,0.0,0.0,0.0,0.0,0.0,0.0,0.0,LDCs
Nicaragua,2001,0.0,1.387,0.0,81.2132823320035,1.7,21.2,76.1,49.1119866201959,5145366.0,0.0,0.0,0.0,0.0,0.0,0.0,0.0,0.0,LDCs
Nicaragua,2002,0.887964148527529,0.0,0.0,81.210501792077,0.0,0.0,0.0,49.9563290100597,5219328.0,0.0,0.0,0.0,0.0,0.0,0.0,29927.2243476555,156.2,LDCs
Nicaragua,2003,0.0,0.0,0.0,81.2090883496399,0.0,0.0,0.0,50.3579094517424,5292118.0,0.0,0.0,0.0,0.0,0.0,0.0,0.0,0.0,LDCs
Nicaragua,2004,0.0,0.0,0.0,81.2090399358557,0.0,0.0,0.0,50.4299171057796,5364935.0,0.0,0.0,0.0,0.0,0.0,0.0,0.0,0.0,LDCs
Nepal,2000,0.0,9.562,0.0,79.9870660650354,0.0,0.0,0.0,23.9282992017823,23941110.0,0.0,0.0,0.0,0.0,0.0,0.0,0.0,0.0,LDCs
Nepal,2001,0.0,0.0,0.0,80.588925057364,4.3,63.6,31.9,24.1620787230872,24347106.0,0.0,0.0,0.0,0.0,0.0,0.0,0.0,0.0,LDCs
Nepal,2002,4.82441977800202,0.0,0.0,81.146351759477,0.0,0.0,0.0,24.361745292044,24725627.0,0.0,0.0,0.0,0.0,0.0,0.0,8015.97468084429,198.2,LDCs
Nepal,2003,0.0,0.0,0.0,81.6985170234207,0.0,0.0,0.0,24.5605645217196,25080872.0,0.0,0.0,0.0,0.0,0.0,0.0,0.0,0.0,LDCs
Nepal,2004,0.0,0.0,0.0,82.245319537575,0.0,0.0,0.0,24.7585044901823,25419344.0,0.0,0.0,0.0,0.0,0.0,0.0,0.0,0.0,LDCs
Nepal,2005,0.0,0.0,0.0,82.7866323675881,0.0,0.0,0.0,24.9555258196121,25744500.0,0.0,0.0,0.0,0.0,0.0,0.0,0.0,0.0,LDCs
Nepal,2006,0.0,9.497,0.0,83.3223467895048,4.0,49.9,46.1,25.1515941924922,26066693.0,0.0,0.0,0.0,0.0,0.0,0.0,0.0,0.0,LDCs
Nepal,2007,4.79162462159435,0.0,0.0,83.8524216991322,0.0,0.0,0.0,25.346778905174,26382581.0,0.0,0.0,0.0,0.0,0.0,0.0,7512.53260626775,198.2,LDCs
Nepal,2008,0.0,0.0,0.0,84.3766368035122,0.0,0.0,0.0,25.5409289926132,26666576.0,0.0,0.0,0.0,0.0,0.0,0.0,0.0,0.0,LDCs
Nepal,2009,0.0,0.0,0.0,84.8948825178975,0.0,0.0,0.0,25.7340098938542,26883535.0,0.0,0.0,0.0,0.0,0.0,2.4,0.0,0.0,LDCs
Nepal,2010,0.0,0.0,0.0,85.4070330750963,0.0,0.0,0.0,25.9259818266323,27013212.0,0.0,0.0,0.0,0.0,0.0,0.0,0.0,0.0,LDCs
Nepal,2011,0.0,0.0,0.0,85.9130353711115,2.9,39.5,57.5,26.116910229971,27041437.0,0.0,0.0,0.0,0.0,0.0,0.0,0.0,0.0,LDCs
Nepal,2012,0.0,0.0,0.0,86.4129317248465,0.0,0.0,0.0,26.307140253914,26989862.0,0.0,0.0,0.0,0.0,0.0,0.0,7343.49808828218,198.2,LDCs
Nepal,2013,0.0,0.0,0.0,86.9063643672967,0.0,0.0,0.0,26.4963124676544,26917906.0,0.0,0.0,0.0,0.0,0.0,0.8,0.0,0.0,LDCs
Nepal,2014,0.0,0.0,5.860593,87.3932623974856,0.0,0.0,0.0,26.6846549846987,26906926.0,0.0,0.0,0.0,0.0,0.0,0.0,7366.1331658622,198.2,LDCs
Nepal,2015,0.0,0.0,0.0,87.8733267445808,0.0,0.0,0.0,26.8719092608475,27015031.0,0.0,0.0,0.0,0.0,0.0,0.0,0.0,0.0,LDCs
Nepal,2016,0.0,0.0,0.0,88.3464059621855,1.9,28.9,69.1,27.0581954751096,27261131.0,0.0,0.0,0.0,0.0,0.0,0.0,0.0,0.0,LDCs
Nepal,2017,0.0,0.0,0.0,88.8122495223807,0.0,0.0,0.0,27.2433528868722,27627124.0,0.0,0.0,0.0,0.0,0.0,0.0,0.0,0.0,LDCs
Pakistan,2000,0.0,172.6,0.0,85.9966848527735,0.0,0.0,0.0,37.862026922055,142343578.0,0.0,0.0,0.0,0.0,0.0,0.0,0.0,0.0,LDCs
Pakistan,2001,0.0,0.0,0.0,86.0553843795748,0.0,0.0,0.0,37.9013833480087,145978402.0,0.0,0.0,0.0,0.0,0.0,0.0,0.0,0.0,LDCs
Pakistan,2002,313.818181818182,0.0,0.0,86.4055773388306,0.0,0.0,0.0,37.9404085671924,149549700.0,0.0,0.0,0.0,0.0,0.0,0.0,367.770714351149,55.0,LDCs
Pakistan,2003,0.0,0.0,0.0,86.7541981311773,0.0,0.0,0.0,37.978719651699,153093373.0,0.0,0.0,0.0,0.0,0.0,0.0,0.0,0.0,LDCs
Pakistan,2004,0.0,0.0,0.0,87.1013549378132,0.0,0.0,0.0,38.016501796839,156664697.0,0.0,0.0,0.0,0.0,0.0,0.0,0.0,0.0,LDCs
Pakistan,2005,0.0,0.0,0.0,87.4468989304869,0.0,0.0,0.0,37.8221178754801,160304008.0,0.0,0.0,0.0,0.0,0.0,0.0,0.0,0.0,LDCs
Pakistan,2006,0.0,0.0,0.0,87.7909372233467,0.0,0.0,0.0,37.6255411907388,164022627.0,0.0,0.0,0.0,0.0,0.0,0.0,0.0,0.0,LDCs
Pakistan,2007,0.0,0.0,0.0,88.1334230925875,4.5,12.2,81.8,37.4267588874536,167808105.0,0.0,0.0,0.0,62.3,0.0,5.2,327.755325048215,55.0,LDCs
Papua New Guinea,2001,0.0,0.0,0.0,33.9879445262418,0.0,0.0,0.0,0.0,5974629.0,0.0,0.0,0.0,0.0,0.0,0.0,0.0,0.0,LDCs
Papua New Guinea,2002,0.0338826466916355,0.0,0.0,33.9777681840763,0.0,0.0,0.0,0.0,6098621.0,0.0,0.0,0.0,0.0,0.0,0.0,131341.167126142,801.0,LDCs
Papua New Guinea,2003,0.0,0.0,0.0,33.9675933431541,0.0,0.0,0.0,0.0,6223377.0,0.0,0.0,0.0,0.0,0.0,0.0,0.0,0.0,LDCs
Papua New Guinea,2004,0.0,0.0,0.0,33.9568540168778,0.0,0.0,0.0,0.0,6354245.0,0.0,0.0,0.0,0.0,0.0,0.0,0.0,0.0,LDCs
Papua New Guinea,2005,0.0,0.3921,0.0,34.5146749656043,0.0,0.0,0.0,0.0,6494903.0,0.0,0.0,0.0,0.0,0.0,0.0,0.0,0.0,LDCs
Papua New Guinea,2006,0.0,0.0,0.0,35.0726450550409,0.0,0.0,0.0,0.0,6646895.0,0.0,0.0,0.0,0.0,0.0,0.0,0.0,0.0,LDCs
Papua New Guinea,2007,0.0489513108614232,0.0,0.0,35.6307657192098,0.0,0.0,0.0,0.0,6808514.0,0.0,0.0,0.0,0.0,0.0,0.0,117646.816911884,801.0,LDCs
"Korea, Dem. Peoples Rep.",2000,0.0,0.0,0.0,99.3029400104909,0.0,0.0,0.0,68.9994674985344,22929075.0,0.0,0.0,0.0,0.0,0.0,0.0,0.0,0.0,LDCs
"Korea, Dem. Peoples Rep.",2001,0.0,0.0,0.0,99.3025449937168,0.0,0.0,0.0,69.018349300337,23132980.0,0.0,0.0,0.0,0.0,0.0,0.0,0.0,0.0,LDCs
"Korea, Dem. Peoples Rep.",2002,0.0,0.0,0.0,99.3021500025819,0.0,0.0,0.0,69.0372298765833,23339453.0,0.0,0.0,0.0,0.0,0.0,0.0,2870.67567521827,67.0,LDCs
"Korea, Dem. Peoples Rep.",2003,0.0,0.0,0.0,99.3017600042882,0.0,0.0,0.0,69.055871795025,23542426.0,0.0,0.0,0.0,0.0,0.0,0.0,0.0,0.0,LDCs
"Korea, Dem. Peoples Rep.",2004,0.0,0.0,0.0,99.2395023574065,0.0,0.0,0.0,69.0363182632377,23732731.0,0.0,0.0,0.0,0.0,0.0,0.0,0.0,0.0,LDCs
"Korea, Dem. Peoples Rep.",2005,0.0,8.658,0.0,98.8654717636716,0.0,0.0,0.0,68.828404022016,23904167.0,0.0,0.0,0.0,0.0,0.0,0.0,0.0,0.0,LDCs
"Korea, Dem. Peoples Rep.",2006,0.0,0.0,0.0,98.4923408147965,0.0,0.0,0.0,68.6211709833474,24054864.0,0.0,0.0,0.0,0.0,0.0,0.0,0.0,0.0,LDCs
"Korea, Dem. Peoples Rep.",2007,12.9223880597015,0.0,0.0,98.1201008562303,0.0,0.0,0.0,68.414133658056,24188331.0,0.0,0.0,0.0,0.0,0.0,0.0,2769.93067442313,67.0,LDCs
"Korea, Dem. Peoples Rep.",2008,0.0,0.0,0.0,97.748753331883,0.0,0.0,0.0,68.2075319487781,24310142.0,0.0,0.0,0.0,0.0,0.0,0.0,0.0,0.0,LDCs
"Korea, Dem. Peoples Rep.",2009,0.0,0.0,0.0,97.3801762782737,0.0,0.0,0.0,68.0208733919813,24428341.0,0.0,0.0,0.0,0.0,0.0,0.0,0.0,0.0,LDCs
"Korea, Dem. Peoples Rep.",2010,0.0,0.0,0.0,97.0141857233802,0.0,0.0,0.0,67.8419981475497,24548836.0,0.0,0.0,0.0,0.0,0.0,0.0,0.0,0.0,LDCs
"Korea, Dem. Peoples Rep.",2011,0.0,0.0,0.0,96.6502058430794,0.0,0.0,0.0,67.6636228148728,24673385.0,0.0,0.0,0.0,0.0,0.0,0.0,0.0,0.0,LDCs
"Korea, Dem. Peoples Rep.",2012,0.0,0.0,0.0,96.2883271422245,0.0,0.0,0.0,67.4865170025617,24800612.0,0.0,0.0,0.0,0.0,0.0,0.0,2701.54623603643,67.0,LDCs
"Korea, Dem. Peoples Rep.",2013,0.0,0.0,0.0,95.9284719766426,0.0,0.0,0.0,67.3101582885573,24929452.0,0.0,0.0,0.0,0.0,0.0,0.0,0.0,0.0,LDCs
"Korea, Dem. Peoples Rep.",2014,0.0,0.0,15.933403,95.5706764010665,0.0,0.0,0.0,67.1348069892947,25057752.0,0.0,0.0,0.0,0.0,0.0,0.0,2673.82325437653,67.0,LDCs
"Korea, Dem. Peoples Rep.",2015,0.0,0.0,0.0,95.2148815949243,0.0,0.0,0.0,66.9601923568061,25183833.0,0.0,0.0,0.0,0.0,0.0,0.0,0.0,0.0,LDCs
"Korea, Dem. Peoples Rep.",2016,0.0,0.0,0.0,94.8621012765638,0.0,0.0,0.0,66.7906723504612,25307744.0,0.0,0.0,0.0,0.0,0.0,0.0,0.0,0.0,LDCs
"Korea, Dem. Peoples Rep.",2017,0.0,0.0,0.0,94.5124528157424,0.0,0.0,0.0,66.6258224741476,25429985.0,0.0,0.0,0.0,0.0,0.0,0.0,0.0,0.0,LDCs
Rwanda,2000,0.0,0.15,0.0,45.4385610061748,36.4,57.9,5.6,0.0,7933681.0,0.0,0.0,0.0,0.0,0.0,0.0,0.0,0.0,LDCs
Rwanda,2001,0.0,0.0,0.0,46.3630721578126,0.0,0.0,0.0,0.0,8231156.0,0.0,0.0,0.0,0.0,0.0,0.0,0.0,0.0,LDCs
Rwanda,2002,1.57894736842105,0.0,0.0,47.3043750869688,0.0,0.0,0.0,0.0,8427060.0,0.0,0.0,0.0,0.0,0.0,0.0,1127.32079752606,9.5,LDCs
Rwanda,2003,0.0,0.0,0.0,48.0049768173897,0.0,0.0,0.0,0.0,8557161.0,0.0,0.0,0.0,0.0,0.0,0.0,0.0,0.0,LDCs
Rwanda,2004,0.0,0.0,0.0,48.6724654570928,0.0,0.0,0.0,0.0,8680524.0,0.0,0.0,0.0,0.0,0.0,0.0,0.0,0.0,LDCs
Rwanda,2005,0.0,0.0,0.0,49.3434113315044,30.1,66.1,3.7,0.0,8840215.0,0.0,0.0,0.0,0.0,0.0,0.0,0.0,0.0,LDCs
Rwanda,2006,0.0,0.0,0.0,50.0181106193898,0.0,0.0,0.0,0.0,9043337.0,0.0,0.0,0.0,0.0,0.0,7.4,0.0,0.0,LDCs
Rwanda,2007,0.0,0.0,0.0,50.6959709680682,0.0,0.0,0.0,0.0,9273757.0,0.0,0.0,0.0,0.0,0.0,0.0,1024.396045745,9.5,LDCs
Rwanda,2008,0.0,0.0,0.0,51.3772896042336,29.3,66.7,3.9,0.0,9524534.0,0.0,0.0,0.0,0.0,0.0,0.0,0.0,0.0,LDCs
Rwanda,2009,0.0,0.0,0.0,52.0623621535931,0.0,0.0,0.0,0.0,9782770.0,0.0,0.0,0.0,0.0,0.0,0.0,0.0,0.0,LDCs
Rwanda,2010,0.0,0.0,0.0,52.7505958050337,34.2,60.1,5.4,0.0,10039338.0,0.0,0.0,0.0,0.0,0.0,0.0,0.0,0.0,LDCs
Rwanda,2011,0.0,0.0,0.0,53.442287974504,0.0,0.0,0.0,0.0,10293331.0,0.0,0.0,9.2,7.0,0.0,1.0,0.0,0.0,LDCs
Rwanda,2012,0.0,0.0,0.0,54.1377330902001,0.0,0.0,0.0,0.0,10549678.0,0.0,0.0,0.0,0.0,0.0,0.0,900.501418147549,9.5,LDCs
Rwanda,2013,0.0,0.0,0.0,54.8363394045262,31.7,59.8,8.4,0.0,10811543.0,0.0,0.0,0.0,0.0,0.0,0.0,0.0,0.0,LDCs
Rwanda,2014,0.0,0.0,1.443692,55.543141400609,0.0,0.0,0.0,0.0,11083635.0,0.0,0.0,0.0,0.0,0.0,0.0,857.119528024876,9.5,LDCs
Rwanda,2015,0.0,0.0,0.0,56.2584356263478,31.4,57.9,10.5,0.0,11369071.0,0.0,0.0,0.0,0.0,0.0,0.0,0.0,0.0,LDCs
Rwanda,2016,0.0,0.0,0.0,56.9816187035183,0.0,0.0,0.0,0.0,11668818.0,0.0,0.0,0.0,0.0,0.0,0.0,0.0,0.0,LDCs
Rwanda,2017,0.0,0.0,0.0,57.7132785349129,27.0,58.4,14.1,0.0,11980937.0,60000000.0,60000000.0,0.0,0.0,0.0,0.0,0.0,0.0,LDCs
Sudan,2000,0.0,0.0,0.0,43.4297774195915,0.0,0.0,0.0,0.0,27275015.0,0.0,0.0,0.0,0.0,0.0,0.0,0.0,0.0,LDCs
Sudan,2001,0.0,0.0,0.0,43.4430363976981,0.0,0.0,0.0,0.0,27971082.0,0.0,0.0,0.0,0.0,0.0,0.0,0.0,0.0,LDCs
Sudan,2002,0.0,0.0,0.0,43.4562949809598,0.0,0.0,0.0,0.0,28704778.0,0.0,0.0,0.0,0.0,0.0,0.0,0.0,0.0,LDCs
Sudan,2003,0.0,0.0,0.0,43.4695543636551,0.0,0.0,0.0,0.0,29460519.0,0.0,0.0,0.0,0.0,0.0,0.0,0.0,0.0,LDCs
Sudan,2004,0.0,0.0,0.0,43.4828157013314,0.0,0.0,0.0,0.0,30214193.0,0.0,0.0,0.0,0.0,0.0,0.0,0.0,0.0,LDCs
Sudan,2005,0.0,0.0,0.0,44.8789705985412,0.0,0.0,0.0,0.0,30949516.0,0.0,0.0,0.0,0.0,0.0,0.0,0.0,0.0,LDCs
Sudan,2006,0.0,0.0,0.0,46.2747736788165,0.0,0.0,0.0,0.0,31661823.0,0.0,0.0,0.0,0.0,0.0,0.0,0.0,0.0,LDCs
Senegal,2000,0.0,0.0,0.0,59.9197051964712,0.0,0.0,0.0,0.0,9797734.0,0.0,0.0,0.0,0.0,0.0,0.0,0.0,0.0,LDCs
Senegal,2001,0.0,0.0,0.0,61.041803950487,0.0,0.0,0.0,0.0,10036104.0,0.0,0.0,0.0,0.0,0.0,0.0,0.0,0.0,LDCs
Senegal,2002,8.60852713178295,2.221,0.0,62.1698087524231,0.0,0.0,0.0,0.0,10283699.0,0.0,0.0,0.0,0.0,0.0,0.0,2508.82488878759,25.8,LDCs
Senegal,2003,0.0,0.0,0.0,63.370710125574,0.0,0.0,0.0,0.0,10541467.0,0.0,0.0,0.0,0.0,0.0,0.0,0.0,0.0,LDCs
Senegal,2004,0.0,0.0,0.0,64.6241414045148,0.0,0.0,0.0,0.0,10810083.0,0.0,0.0,0.0,0.0,0.0,0.0,0.0,0.0,LDCs
Senegal,2005,0.0,0.0,0.0,65.8754796128771,9.1,39.1,51.4,0.0,11090116.0,0.0,0.0,0.0,0.0,0.0,0.0,0.0,0.0,LDCs
Senegal,2006,0.0,0.0,0.0,67.1253143561153,0.0,0.0,0.0,0.0,11382268.0,0.0,0.0,0.0,0.0,0.0,0.0,0.0,0.0,LDCs
Senegal,2007,0.0,0.0,0.0,68.3729458882029,0.0,0.0,0.0,0.0,11687080.0,0.0,0.0,3.6,3.6,14.09,1.4,2207.56596172868,25.8,LDCs
Senegal,2008,0.0,0.0,0.0,69.6181083126459,0.0,0.0,0.0,0.0,12004701.0,0.0,0.0,0.0,0.0,0.0,0.0,0.0,0.0,LDCs
Senegal,2015,0.0,0.0,0.0,78.2433412977891,6.0,35.4,58.4,0.0,14578459.0,33000000.0,33000000.0,0.0,0.0,0.0,0.0,0.0,0.0,LDCs
Senegal,2016,0.0,0.0,0.0,79.4623153357889,4.3,15.4,68.5,0.0,14993528.0,0.0,0.0,0.0,0.0,0.0,0.0,0.0,0.0,LDCs
Senegal,2017,0.0,0.0,0.0,80.6778538672375,4.1,23.7,71.7,0.0,15419381.0,0.0,0.0,0.0,0.0,0.0,0.0,0.0,0.0,LDCs
Solomon Islands,2000,0.0,0.0,0.0,78.6849667636729,0.0,0.0,0.0,0.0,412660.0,0.0,0.0,0.0,0.0,0.0,0.0,0.0,0.0,LDCs
Solomon Islands,2001,0.0,0.0,0.0,78.7391934587202,0.0,0.0,0.0,0.0,423944.0,0.0,0.0,0.0,0.0,0.0,0.0,0.0,0.0,LDCs
Solomon Islands,2002,0.0,0.0,0.0,78.7945383389773,0.0,0.0,0.0,0.0,435432.0,0.0,0.0,0.0,0.0,0.0,0.0,102656.671994709,44.7,LDCs
Solomon Islands,2003,0.0,0.0,0.0,78.8510068297545,0.0,0.0,0.0,0.0,447017.0,0.0,0.0,0.0,0.0,0.0,0.0,0.0,0.0,LDCs
Solomon Islands,2004,0.0,0.0,0.0,78.9085920585329,0.0,0.0,0.0,0.0,458539.0,0.0,0.0,0.0,0.0,0.0,0.0,0.0,0.0,LDCs
Solomon Islands,2005,0.0,0.0,0.0,78.1098019226907,0.0,0.0,0.0,0.0,469918.0,0.0,0.0,0.0,0.0,0.0,0.0,0.0,0.0,LDCs
Solomon Islands,2006,0.0,0.0,0.0,77.1528587556203,0.0,0.0,0.0,0.0,481078.0,0.0,0.0,0.0,0.0,0.0,0.0,0.0,0.0,LDCs
Solomon Islands,2007,0.0,0.0,0.0,76.2134624867552,0.0,0.0,0.0,0.0,492132.0,0.0,0.0,0.0,0.0,0.0,0.0,90829.2897027627,44.7,LDCs
Solomon Islands,2009,0.0,0.0,0.0,74.388496538684,0.0,0.0,0.0,0.0,515181.0,0.0,0.0,0.0,0.0,0.0,0.0,0.0,0.0,LDCs
Sierra Leone,2000,0.0,0.1889,0.0,39.8837825089542,0.0,0.0,0.0,4.73889630844663,4584571.0,0.0,0.0,0.0,0.0,0.0,0.0,0.0,0.0,LDCs
Sierra Leone,2001,0.0,0.0,0.0,40.1713095894742,0.0,0.0,0.0,4.89142754385102,4754072.0,0.0,0.0,0.0,0.0,0.0,0.0,0.0,0.0,LDCs
Sierra Leone,2002,0.1180625,0.0,0.0,41.4673833118003,0.0,0.0,0.0,5.118881416062,4965766.0,0.0,0.0,0.0,0.0,0.0,0.0,32220.6080592601,160.0,LDCs
Sierra Leone,2003,0.0,0.0,0.0,42.7591161072413,0.0,0.0,0.0,5.35806020374697,5201070.0,0.0,0.0,0.0,0.0,0.0,0.0,0.0,0.0,LDCs
Sierra Leone,2004,0.0,0.0,0.0,44.0464441531235,0.0,0.0,0.0,5.60881470292954,5433991.0,0.0,0.0,0.0,0.0,0.0,0.0,0.0,0.0,LDCs
Sierra Leone,2005,0.0,0.2122,0.0,45.3600530207686,0.0,0.0,0.0,5.87734952980882,5645624.0,0.0,0.0,0.0,0.0,0.0,0.0,0.0,0.0,LDCs
Sierra Leone,2006,0.0,0.0,0.0,46.6903467217371,0.0,0.0,0.0,6.16149327731591,5829237.0,0.0,0.0,0.0,0.0,0.0,0.0,0.0,0.0,LDCs
Sierra Leone,2007,0.132625,0.0,0.0,48.013286407197,0.0,0.0,0.0,6.45605735534251,5989633.0,0.0,0.0,0.0,0.0,0.0,0.0,26712.8219708954,160.0,LDCs
Sierra Leone,2008,0.0,0.0,0.0,49.3287599314338,17.0,63.0,13.0,6.76079827472936,6133603.0,0.0,0.0,0.0,0.0,0.0,0.0,0.0,0.0,LDCs
Sierra Leone,2009,0.0,0.0,0.0,50.6363025738993,0.0,0.0,0.0,7.07539947646401,6272734.0,0.0,0.0,2.2,2.2,14.9,7.2,0.0,0.0,LDCs
Sierra Leone,2010,0.0,0.0,0.0,51.9358336336627,0.0,0.0,0.0,7.3996224029173,6415634.0,0.0,0.0,0.0,0.0,0.0,0.0,0.0,0.0,LDCs
Sierra Leone,2011,0.0,0.0,0.0,53.2275965308333,0.0,0.0,0.0,7.73329016319724,6563240.0,0.0,0.0,0.0,0.0,0.0,0.0,0.0,0.0,LDCs
Sierra Leone,2012,0.0,0.0,0.0,54.5114762546048,0.0,0.0,0.0,8.07615076941019,6712581.0,0.0,0.0,0.0,0.0,0.0,0.0,23835.8390014214,160.0,LDCs
Sierra Leone,2013,0.0,0.0,0.0,55.7867486026063,15.0,73.7,9.4,8.42783841214118,6863980.0,0.0,0.0,0.0,0.0,0.0,0.0,0.0,0.0,LDCs
Sierra Leone,2014,0.0,0.0,0.177541,57.0539555199247,0.0,0.0,0.0,8.78822467966021,7017144.0,0.0,0.0,0.0,0.0,0.0,0.0,22801.2992180294,160.0,LDCs
Sierra Leone,2015,0.0,0.0,0.0,58.3126889028218,0.0,0.0,0.0,9.15700277740661,7171914.0,0.0,0.0,0.0,0.0,0.0,0.0,0.0,0.0,LDCs
Sierra Leone,2016,0.0,0.0,0.0,59.5631432916527,10.6,64.3,23.0,9.53396976319867,7328838.0,0.0,0.0,0.0,0.0,0.0,0.0,0.0,0.0,LDCs
Sierra Leone,2017,0.0,0.0,0.0,60.8069869359389,0.0,0.0,0.0,9.91912664532252,7488431.0,0.0,0.0,0.0,38.8,0.0,2.7,0.0,0.0,LDCs
Somalia,2000,0.0,3.29,0.0,19.6030128050898,0.0,0.0,0.0,0.0,8872254.0,0.0,0.0,0.0,0.0,0.0,0.0,0.0,0.0,LDCs
Somalia,2001,0.0,0.0,0.0,21.6766152044802,0.0,0.0,0.0,0.0,9186725.0,0.0,0.0,0.0,0.0,0.0,0.0,0.0,0.0,LDCs
Somalia,2002,54.8333333333333,0.0,0.0,23.7498117973752,0.0,0.0,0.0,0.0,9501342.0,0.0,0.0,0.0,0.0,0.0,0.0,631.48974113341,6.0,LDCs
Somalia,2003,0.0,3.298,0.0,25.999875929231,0.0,0.0,0.0,0.0,9815412.0,0.0,0.0,0.0,0.0,0.0,0.0,0.0,0.0,LDCs
Somalia,2004,0.0,0.0,0.0,28.2503313561283,0.0,0.0,0.0,0.0,10130243.0,0.0,0.0,0.0,0.0,0.0,0.0,0.0,0.0,LDCs
Somalia,2005,0.0,0.0,0.0,30.3777567592332,0.0,0.0,0.0,0.0,10446863.0,0.0,0.0,0.0,0.0,0.0,0.0,0.0,0.0,LDCs
Somalia,2006,0.0,0.0,0.0,32.4661782184153,0.0,0.0,0.0,0.0,10763905.0,0.0,0.0,0.0,0.0,0.0,0.0,0.0,0.0,LDCs
Somalia,2007,54.9666666666667,0.0,0.0,32.9070923124809,0.0,0.0,0.0,0.0,11080121.0,0.0,0.0,0.0,0.0,0.0,0.0,541.510331881755,6.0,LDCs
Somalia,2008,0.0,0.0,0.0,35.2802235343045,0.0,0.0,0.0,0.0,11397188.0,0.0,0.0,0.0,0.0,0.0,0.0,0.0,0.0,LDCs
Somalia,2009,0.0,0.0,0.0,37.6353592105068,0.0,0.0,0.0,0.0,11717692.0,0.0,0.0,0.0,0.0,0.0,0.0,0.0,0.0,LDCs
Somalia,2010,0.0,0.0,0.0,39.9792088992685,0.0,0.0,0.0,0.0,12043883.0,0.0,0.0,0.0,0.0,0.0,0.0,0.0,0.0,LDCs
Somalia,2011,0.0,0.0,0.0,42.3138946345202,0.0,0.0,0.0,0.0,12376302.0,0.0,0.0,0.0,0.0,0.0,0.0,0.0,0.0,LDCs
Somalia,2012,0.0,0.0,0.0,44.0736504827615,0.0,0.0,0.0,0.0,12715510.0,0.0,0.0,0.0,0.0,0.0,0.0,471.864675502595,6.0,LDCs
Somalia,2013,0.0,0.0,0.0,45.8012752882058,0.0,0.0,0.0,0.0,13063706.0,0.0,0.0,0.0,0.0,0.0,0.0,0.0,0.0,LDCs
Somalia,2014,0.0,0.0,30.33607,47.4993097917398,0.0,0.0,0.0,0.0,13423576.0,0.0,0.0,0.0,0.0,0.0,0.0,446.974785258414,6.0,LDCs
Somalia,2015,0.0,0.0,0.0,49.1698624145013,0.0,0.0,0.0,0.0,13797201.0,0.0,0.0,0.0,0.0,0.0,0.0,0.0,0.0,LDCs
Somalia,2016,0.0,0.0,0.0,50.8151064207935,0.0,0.0,0.0,0.0,14185613.0,0.0,0.0,0.0,0.0,0.0,0.0,0.0,0.0,LDCs
Somalia,2017,0.0,0.0,0.0,52.4361890663231,0.0,0.0,0.0,0.0,14589119.0,0.0,0.0,0.0,0.0,0.0,0.0,0.0,0.0,LDCs
South Sudan,2012,2.53076923076923,0.0,0.0,41.0937935471912,0.0,0.0,0.0,0.0,10113647.0,0.0,0.0,0.0,0.0,0.0,0.0,2570.78381319815,26.0,LDCs
South Sudan,2014,2.53076923076923,0.0,1.329293,41.0119328159249,0.0,0.0,0.0,0.0,10554883.0,0.0,0.0,0.0,54.2,0.0,0.3,2463.31484678703,26.0,LDCs
South Sudan,2015,0.0,0.0,0.0,40.926531549694,0.0,0.0,0.0,0.0,10715658.0,0.0,0.0,0.0,0.0,0.0,0.0,0.0,0.0,LDCs
South Sudan,2016,0.0,0.0,0.0,40.8139045850988,0.0,0.0,0.0,0.0,10832512.0,0.0,0.0,0.0,0.0,0.0,0.0,0.0,0.0,LDCs
South Sudan,2017,0.0,0.0,0.0,40.6760121501644,0.0,0.0,0.0,0.0,10910759.0,0.0,0.0,0.0,0.0,0.0,0.0,0.0,0.0,LDCs
Sao Tome and Principe,2000,0.0,0.0,0.0,64.8948778125004,0.0,0.0,0.0,0.0,142262.0,0.0,0.0,0.0,0.0,0.0,0.0,0.0,0.0,LDCs
Sao Tome and Principe,2001,0.0,0.0,0.0,66.0793248440723,0.0,0.0,0.0,0.0,144755.0,0.0,0.0,0.0,0.0,0.0,0.0,0.0,0.0,LDCs
Sao Tome and Principe,2002,0.0,0.0,0.0,67.2968526526663,0.0,0.0,0.0,0.0,147447.0,0.0,0.0,0.0,0.0,0.0,0.0,14784.9735837284,2.18,LDCs
Sao Tome and Principe,2003,0.0,0.0,0.0,68.523216002574,0.0,0.0,0.0,0.0,150415.0,0.0,0.0,0.0,0.0,0.0,0.0,0.0,0.0,LDCs
Sao Tome and Principe,2004,0.0,0.0,0.0,69.7536375444188,0.0,0.0,0.0,0.0,153737.0,0.0,0.0,0.0,0.0,0.0,0.0,0.0,0.0,LDCs
Sao Tome and Principe,2005,0.0,0.0,0.0,70.9871071670478,0.0,0.0,0.0,0.0,157472.0,0.0,0.0,0.0,0.0,0.0,0.0,0.0,0.0,LDCs
Sao Tome and Principe,2006,0.0,0.0,0.0,72.2239695467784,0.0,0.0,0.0,0.0,161681.0,0.0,0.0,0.0,0.0,0.0,0.0,0.0,0.0,LDCs
Sao Tome and Principe,2007,0.0,0.0,0.0,73.4640823290625,0.0,0.0,0.0,0.0,166300.0,0.0,0.0,0.0,0.0,0.0,0.0,13108.8394467829,2.18,LDCs
Syrian Arab Republic,2017,0.0,0.0,0.0,97.2165062080837,0.0,0.0,0.0,0.0,17068002.0,0.0,0.0,0.0,0.0,0.0,0.0,0.0,0.0,LDCs
Chad,2000,0.0,0.0,0.0,41.4129791982347,0.0,0.0,0.0,0.0,8355654.0,0.0,0.0,0.0,0.0,0.0,0.0,0.0,0.0,LDCs
Chad,2001,0.0,0.0,0.0,41.2723064334957,0.0,0.0,0.0,0.0,8678051.0,0.0,0.0,0.0,0.0,0.0,0.0,0.0,0.0,LDCs
Chad,2002,5.66133333333333,0.8492,0.0,41.1269103382432,0.0,0.0,0.0,0.0,9019233.0,0.0,0.0,0.0,0.0,0.0,0.0,1663.11259505104,15.0,LDCs
Chad,2003,0.0,0.0,0.0,40.9776719063699,0.0,0.0,0.0,0.0,9373916.0,0.0,0.0,0.0,0.0,0.0,0.0,0.0,0.0,LDCs
Chad,2004,0.0,0.0,0.0,40.8241392078527,19.3,62.1,18.6,0.0,9734767.0,0.0,0.0,0.0,0.0,0.0,0.0,0.0,0.0,LDCs
Chad,2005,0.0,0.8796,0.0,40.6663048177833,0.0,0.0,0.0,0.0,10096633.0,0.0,0.0,0.0,0.0,0.0,0.0,0.0,0.0,LDCs
Chad,2006,0.0,0.0,0.0,40.5041569470028,0.0,0.0,0.0,0.0,10457124.0,0.0,0.0,0.0,0.0,0.0,0.0,0.0,0.0,LDCs
Chad,2007,5.864,0.0,0.0,40.3381230553692,0.0,0.0,0.0,0.0,10818024.0,0.0,0.0,0.0,0.0,0.0,0.0,1386.5748495289,15.0,LDCs
Chad,2008,0.0,0.0,0.0,40.1673251213389,0.0,0.0,0.0,0.0,11183588.0,0.0,0.0,0.0,0.0,0.0,0.0,0.0,0.0,LDCs
Chad,2009,0.0,0.0,0.0,39.9921926447468,0.0,0.0,0.0,0.0,11560147.0,0.0,0.0,70.9,70.9,6.35,0.7,0.0,0.0,LDCs
Chad,2010,0.0,0.0,0.0,39.8203621278748,0.0,0.0,0.0,0.0,11952136.0,0.0,0.0,0.0,0.0,0.0,0.0,0.0,0.0,LDCs
Chad,2011,0.0,0.0,0.0,39.6516727199139,0.0,0.0,0.0,0.0,12360989.0,0.0,0.0,0.0,0.0,0.0,0.0,0.0,0.0,LDCs
Chad,2012,0.0,0.0,0.0,39.4863842736973,0.0,0.0,0.0,0.0,12784750.0,0.0,0.0,0.0,0.0,0.0,0.0,1173.27284460001,15.0,LDCs
Chad,2013,0.0,0.0,0.0,39.3238946204025,0.0,0.0,0.0,0.0,13220424.0,0.0,0.0,0.0,0.0,0.0,0.0,0.0,0.0,LDCs
Chad,2014,0.0,0.0,2.438931,39.1640248048202,0.0,0.0,0.0,0.0,13663559.0,0.0,0.0,0.0,0.0,0.0,0.0,1097.81060703145,15.0,LDCs
Chad,2015,0.0,0.0,0.0,39.0069926404341,26.0,57.2,11.2,0.0,14110975.0,0.0,0.0,0.0,0.0,0.0,0.0,0.0,0.0,LDCs
Chad,2016,0.0,0.0,0.0,38.8525907769535,0.0,0.0,0.0,0.0,14561666.0,0.0,0.0,0.0,0.0,0.0,0.0,0.0,0.0,LDCs
Chad,2017,0.0,0.0,0.0,38.7005994293504,0.0,0.0,0.0,0.0,15016773.0,0.0,0.0,0.0,0.0,0.0,0.0,0.0,0.0,LDCs
Togo,2000,0.0,0.0,0.0,45.8849732101936,0.0,0.0,0.0,0.0,4924402.0,0.0,0.0,0.0,0.0,0.0,0.0,0.0,0.0,LDCs
Togo,2001,0.0,0.0,0.0,47.0441756730405,0.0,0.0,0.0,0.0,5062567.0,0.0,0.0,0.0,0.0,0.0,0.0,0.0,0.0,LDCs
Togo,2002,1.4695652173913,0.169,0.0,48.1999855334313,0.0,0.0,0.0,0.0,5197031.0,0.0,0.0,0.0,0.0,0.0,0.0,2212.80188630778,11.5,LDCs
Togo,2003,0.0,0.0,0.0,49.3518760734144,0.0,0.0,0.0,0.0,5330639.0,0.0,0.0,0.0,0.0,0.0,0.0,0.0,0.0,LDCs
Togo,2004,0.0,0.0,0.0,50.4998103481106,0.0,0.0,0.0,0.0,5467766.0,0.0,0.0,0.0,0.0,0.0,0.0,0.0,0.0,LDCs
Togo,2005,0.0,0.0,0.0,51.6432875608479,0.0,0.0,0.0,0.0,5611640.0,0.0,0.0,0.0,0.0,0.0,0.0,0.0,0.0,LDCs
Togo,2006,0.0,0.0,0.0,52.782752313623,0.0,0.0,0.0,0.0,5762880.0,0.0,0.0,0.0,0.0,0.0,0.0,0.0,0.0,LDCs
Togo,2007,0.0,0.0,0.0,53.9181795323637,0.0,0.0,0.0,0.0,5920359.0,0.0,0.0,0.0,0.0,0.0,0.0,1942.44977373838,11.5,LDCs
Togo,2008,0.0,0.0,0.0,55.0499807377212,0.0,0.0,0.0,0.0,6083420.0,0.0,0.0,0.0,0.0,0.0,0.0,0.0,0.0,LDCs
Togo,2009,0.0,0.0,0.0,56.1763213841601,0.0,0.0,0.0,0.0,6250835.0,0.0,0.0,2.9,2.8,33.81,0.0,0.0,0.0,LDCs
Togo,2010,0.0,0.0,0.0,57.2989881521367,0.0,0.0,0.0,0.0,6421679.0,0.0,0.0,0.0,0.0,0.0,0.0,0.0,0.0,LDCs
Togo,2011,0.0,0.0,0.0,58.426678165073,0.0,0.0,0.0,0.0,6595943.0,0.0,0.0,0.0,0.0,0.0,0.0,0.0,0.0,LDCs
Togo,2012,0.0,0.0,0.0,59.5551455509525,0.0,0.0,0.0,0.0,6773807.0,0.0,0.0,0.0,0.0,0.0,0.0,1697.71592252333,11.5,LDCs
Togo,2013,0.0,0.0,0.0,60.678200552866,0.0,0.0,0.0,0.0,6954721.0,0.0,0.0,0.0,0.0,0.0,0.0,0.0,0.0,LDCs
Togo,2014,0.0,0.0,1.774125,61.7966733100786,13.8,69.7,16.0,0.0,7137997.0,0.0,0.0,0.0,0.0,0.0,0.0,1611.09622209144,11.5,LDCs
Togo,2015,0.0,0.0,0.0,62.9105514289963,0.0,0.0,0.0,0.0,7323158.0,0.0,0.0,0.0,0.0,0.0,0.0,0.0,0.0,LDCs
Togo,2016,0.0,0.0,0.0,64.0214393525356,0.0,0.0,0.0,0.0,7509952.0,0.0,0.0,0.0,0.0,0.0,1.2,0.0,0.0,LDCs
Togo,2017,0.0,0.0,0.0,65.1288401878568,9.3,62.5,27.9,0.0,7698475.0,0.0,0.0,0.0,0.0,0.0,0.0,0.0,0.0,LDCs
Tajikistan,2000,0.0,11.66,0.0,55.906007480318,0.0,0.0,0.0,35.2466807893502,6216341.0,0.0,0.0,0.0,0.0,0.0,0.0,0.0,0.0,LDCs
Tajikistan,2001,0.0,0.0,0.0,57.3214302781358,0.0,0.0,0.0,36.432124068746,6318513.0,0.0,0.0,0.0,0.0,0.0,0.0,0.0,0.0,LDCs
Tajikistan,2002,18.3737787582729,0.0,0.0,58.7452090970195,0.0,0.0,0.0,37.6524326562862,6426867.0,0.0,0.0,0.0,0.0,0.0,0.0,9874.17352809697,63.46,LDCs
Tajikistan,2003,0.0,0.0,0.0,60.177341202,0.0,0.0,0.0,38.9076048404345,6541547.0,0.0,0.0,0.0,0.0,0.0,0.0,0.0,0.0,LDCs
Tajikistan,2004,0.0,0.0,0.0,61.617421008225,0.0,0.0,0.0,40.1970763919854,6662389.0,0.0,0.0,0.0,0.0,0.0,0.0,0.0,0.0,LDCs
Tajikistan,2005,0.0,0.0,0.0,63.0662804756078,0.0,0.0,0.0,41.5219778779554,6789321.0,0.0,0.0,0.0,0.0,0.0,0.0,0.0,0.0,LDCs
Tajikistan,2006,0.0,11.19,0.0,64.5234915722748,0.0,0.0,0.0,42.8817340030463,6922587.0,0.0,0.0,0.0,0.0,0.0,0.0,0.0,0.0,LDCs
Tajikistan,2007,17.6331547431453,0.0,0.0,65.9890580523949,0.0,0.0,0.0,44.2763449068601,7062672.0,0.0,0.0,0.0,0.0,0.0,0.0,8985.26789860835,63.46,LDCs
Tajikistan,2008,0.0,0.0,0.0,67.4629761990542,0.0,0.0,0.0,45.2445474233276,7209930.0,0.0,0.0,0.0,13.5,0.0,3.2,0.0,0.0,LDCs
Tajikistan,2009,0.0,0.0,0.0,68.9452454509573,0.0,0.0,0.0,45.652979551245,7364753.0,0.0,0.0,0.0,0.0,0.0,0.0,0.0,0.0,LDCs
Tajikistan,2010,0.0,0.0,0.0,70.4358686094527,0.0,0.0,0.0,46.0296828842619,7527394.0,0.0,0.0,0.0,0.0,0.0,0.0,0.0,0.0,LDCs
Tajikistan,2011,0.0,0.0,0.0,71.9345375510475,0.0,0.0,0.0,46.3744741524964,7697510.0,0.0,0.0,0.0,0.0,0.0,0.0,0.0,0.0,LDCs
Tajikistan,2012,0.0,0.0,0.0,73.4481802352794,5.2,41.0,52.6,46.6917721532852,7874835.0,0.0,0.0,0.0,0.0,0.0,0.0,8058.58154488316,63.46,LDCs
Tajikistan,2013,0.0,0.0,0.0,74.9748815677032,0.0,0.0,0.0,46.9811465162926,8059769.0,0.0,0.0,0.0,15.3,0.0,0.5,0.0,0.0,LDCs
Tajikistan,2017,0.0,0.0,0.0,81.1962748015603,2.3,21.6,75.3,47.8670483678806,8880268.0,0.0,0.0,0.0,0.0,0.0,0.0,0.0,0.0,LDCs
Timor-Leste,2000,0.0,0.0,0.0,0.0,0.0,0.0,0.0,0.0,884366.0,0.0,0.0,0.0,0.0,0.0,0.0,0.0,0.0,LDCs
Timor-Leste,2001,0.0,0.0,0.0,0.0,0.0,0.0,0.0,0.0,901214.0,0.0,0.0,0.0,0.0,0.0,0.0,0.0,0.0,LDCs
Timor-Leste,2002,0.0,0.0,0.0,50.6162506710819,0.0,0.0,0.0,0.0,922694.0,0.0,0.0,0.0,0.0,0.0,0.0,8903.27670928824,8.215,LDCs
Timor-Leste,2003,0.0,0.0,0.0,52.1351161012131,0.0,0.0,0.0,0.0,947108.0,0.0,0.0,0.0,0.0,0.0,0.0,0.0,0.0,LDCs
Timor-Leste,2004,0.0,1.172,0.0,53.6585059090398,0.0,0.0,0.0,0.0,971893.0,0.0,0.0,0.0,0.0,0.0,0.0,0.0,0.0,LDCs
Timor-Leste,2005,0.0,0.0,0.0,55.174479034854,0.0,0.0,0.0,0.0,995135.0,0.0,0.0,0.0,0.0,0.0,0.0,0.0,0.0,LDCs
Timor-Leste,2006,0.0,0.0,0.0,56.6943669419142,0.0,0.0,0.0,0.0,1016432.0,0.0,0.0,0.0,0.0,0.0,0.0,0.0,0.0,LDCs
Tanzania,2000,0.0,0.0,0.0,27.2508239531373,0.0,0.0,0.0,0.0,33499180.0,0.0,0.0,0.0,0.0,0.0,0.0,0.0,0.0,LDCs
Tanzania,2001,0.0,0.0,0.0,28.6693132192021,0.0,0.0,0.0,0.0,34385856.0,0.0,0.0,0.0,0.0,0.0,0.0,0.0,0.0,LDCs
Tanzania,2002,6.17142857142857,5.184,0.0,30.0875718424852,0.0,0.0,0.0,0.0,35334788.0,0.0,0.0,0.0,0.0,0.0,0.0,2377.26061919489,84.0,LDCs
Tanzania,2003,0.0,0.0,0.0,31.596518351072,0.0,0.0,0.0,0.0,36337782.0,8500000.0,8500000.0,0.0,0.0,0.0,0.0,0.0,0.0,LDCs
Tanzania,2004,0.0,0.0,0.0,33.2926199139913,0.0,0.0,0.0,0.0,37379767.0,0.0,0.0,0.0,0.0,0.0,0.0,0.0,0.0,LDCs
Tanzania,2005,0.0,0.0,0.0,35.0052317793738,24.2,66.3,9.5,0.0,38450320.0,0.0,0.0,0.0,0.0,0.0,0.0,0.0,0.0,LDCs
Tanzania,2006,0.0,0.0,0.0,36.7345621789267,0.0,0.0,0.0,0.0,39548663.0,0.0,0.0,9.3,9.3,27.17,6.1,0.0,0.0,LDCs
Tanzania,2007,0.0,0.0,0.0,38.4798615055977,0.0,0.0,0.0,0.0,40681414.0,0.0,0.0,0.0,0.0,0.0,0.0,2064.82498371369,84.0,LDCs
Tanzania,2008,0.0,0.0,0.0,40.2417767147989,28.6,62.6,8.5,0.0,41853944.0,0.0,0.0,0.0,0.0,0.0,0.0,0.0,0.0,LDCs
Tanzania,2009,0.0,0.0,0.0,42.0181737007709,0.0,0.0,0.0,0.0,43073834.0,0.0,0.0,0.0,0.0,0.0,0.0,0.0,0.0,LDCs
Tanzania,2010,0.0,0.0,0.0,43.8105991814135,25.0,64.0,10.8,0.0,44346525.0,0.0,0.0,0.0,0.0,0.0,0.0,0.0,0.0,LDCs
Tanzania,2011,0.0,0.0,0.0,45.6173824092197,0.0,0.0,0.0,0.0,45673338.0,0.0,0.0,0.0,0.0,0.0,0.0,0.0,0.0,LDCs
Tanzania,2012,0.0,0.0,0.0,47.4391273959211,24.7,60.1,14.5,0.0,47052481.0,0.0,0.0,0.0,0.0,0.0,0.0,1785.2406124982,84.0,LDCs
Tanzania,2013,0.0,0.0,0.0,49.2741788650516,0.0,0.0,0.0,0.0,48482266.0,0.0,0.0,0.0,20.4,0.0,2.1,0.0,0.0,LDCs
Tanzania,2014,0.0,0.0,7.447489,51.1209214090121,0.0,0.0,0.0,0.0,49959822.0,0.0,0.0,0.0,0.0,0.0,0.0,1681.35106646297,84.0,LDCs
Tanzania,2015,0.0,0.0,0.0,52.9790877187228,0.0,0.0,0.0,0.0,51482633.0,0.0,0.0,0.0,0.0,0.0,0.0,0.0,0.0,LDCs
Tanzania,2016,0.0,0.0,0.0,54.8475367969212,24.6,46.8,28.6,0.0,53050790.0,0.0,0.0,0.0,0.0,0.0,0.0,0.0,0.0,LDCs
Tanzania,2017,0.0,0.0,0.0,56.7264503174468,22.0,36.8,40.9,0.0,54663906.0,0.0,0.0,0.0,0.0,0.0,0.0,0.0,0.0,LDCs
Uganda,2000,0.0,0.0,0.0,26.7516162385513,0.0,0.0,0.0,4.77459555750184,23650172.0,0.0,0.0,0.0,0.0,0.0,0.0,0.0,0.0,LDCs
Uganda,2001,0.0,0.0,0.0,27.9132130573946,42.2,54.3,3.4,4.91586147643927,24388968.0,0.0,0.0,0.0,0.0,0.0,0.0,0.0,0.0,LDCs
Uganda,2002,0.813846153846154,0.3174,0.0,29.0972950348413,0.0,0.0,0.0,5.05796407127557,25167257.0,0.0,0.0,0.0,0.0,0.0,0.0,1549.6325245139,39.0,LDCs
Uganda,2003,0.0,0.0,0.0,30.3032616982793,0.0,0.0,0.0,5.20059026812902,25980552.0,0.0,0.0,0.0,0.0,0.0,0.0,0.0,0.0,LDCs
Uganda,2004,0.0,0.0,0.0,31.5309694246069,0.0,0.0,0.0,5.34363888288523,26821297.0,0.0,0.0,0.0,0.0,0.0,0.0,0.0,0.0,LDCs
Uganda,2005,0.0,0.0,0.0,32.7778698808016,0.0,0.0,0.0,5.48592785553588,27684585.0,0.0,0.0,0.0,0.0,0.0,0.0,0.0,0.0,LDCs
Uganda,2006,0.0,0.0,0.0,34.0456980727034,58.4,35.0,5.6,5.62820753134553,28571475.0,0.0,0.0,5.5,5.5,20.13,0.7,0.0,0.0,LDCs
Uganda,2007,0.0,0.0,0.0,35.332371861532,0.0,0.0,0.0,5.76951935489304,29486338.0,0.0,0.0,0.0,0.0,0.0,0.0,1322.6464405312,39.0,LDCs
Uganda,2008,0.0,0.637,0.0,36.6381101450677,0.0,0.0,0.0,5.90992290610014,30431736.0,0.0,0.0,0.0,0.0,0.0,0.0,0.0,0.0,LDCs
Uganda,2009,0.0,0.0,0.0,37.9613213335416,0.0,0.0,0.0,6.04869931504299,31411096.0,0.0,0.0,0.0,0.0,0.0,0.0,0.0,0.0,LDCs
Uganda,2010,0.0,0.0,0.0,39.3021501609985,0.0,0.0,0.0,6.18586835594123,32428167.0,0.0,0.0,0.0,0.0,0.0,0.0,0.0,0.0,LDCs
Uganda,2011,0.0,0.0,0.0,40.6594192727093,36.9,49.9,12.5,6.32089618216375,33476919.0,0.0,0.0,0.0,0.0,0.0,0.0,0.0,0.0,LDCs
Uganda,2012,1.63333333333333,0.0,0.0,42.0327661277265,0.0,0.0,0.0,6.45358302494678,34559168.0,0.0,0.0,0.0,0.0,0.0,0.0,1128.49938980012,39.0,LDCs
Uganda,2013,0.0,0.0,0.0,43.4202292323374,0.0,0.0,0.0,6.58311071432252,35695246.0,0.0,0.0,0.0,8.8,0.0,0.4,0.0,0.0,LDCs
Uganda,2014,0.0,0.0,1.331451,44.8225842525911,0.0,0.0,0.0,6.70971686414369,36912148.0,0.0,0.0,0.0,0.0,0.0,0.0,1056.5627337645,39.0,LDCs
Uganda,2015,0.0,0.0,0.0,46.2382249933009,30.3,60.4,9.0,6.83272692343049,38225453.0,0.0,0.0,0.0,0.0,0.0,0.0,0.0,0.0,LDCs
Uganda,2016,0.0,0.0,0.0,47.6656313209643,31.1,49.7,18.9,6.95152978193661,39647506.0,0.0,0.0,0.0,0.0,0.0,0.0,0.0,0.0,LDCs
Uganda,2017,0.0,0.0,0.0,49.1040323869049,0.0,0.0,0.0,7.06580029990656,41162465.0,0.0,0.0,0.0,0.0,0.0,0.0,0.0,0.0,LDCs
Ukraine,2000,0.0,18.28,0.0,98.0083163516078,0.0,0.0,0.0,65.7500623215763,49176500.0,0.0,0.0,0.0,0.0,0.0,0.0,0.0,0.0,LDCs
Ukraine,2001,0.0,0.0,0.0,98.0889483683409,0.0,0.0,0.0,65.7816351965923,48662400.0,0.0,0.0,0.0,0.0,0.0,0.0,0.0,0.0,LDCs
Uzbekistan,2000,0.0,0.0,0.0,84.7988978892792,0.0,0.0,0.0,56.3409892145067,24650400.0,0.0,0.0,0.0,0.0,0.0,0.0,0.0,0.0,LDCs
Uzbekistan,2001,0.0,53.74,0.0,86.1699937233998,0.0,0.0,0.0,56.4831798328987,24964450.0,0.0,0.0,0.0,0.0,0.0,0.0,0.0,0.0,LDCs
Uzbekistan,2002,328.886168910649,0.0,0.0,87.5368201398002,0.0,0.0,0.0,56.6272175714757,25271850.0,0.0,0.0,0.0,0.0,0.0,0.0,646.569206449073,16.34,LDCs
Uzbekistan,2003,0.0,0.0,0.0,88.8988779514544,0.0,0.0,0.0,56.772683356922,25567650.0,0.0,0.0,0.0,0.0,0.0,0.0,0.0,0.0,LDCs
Uzbekistan,2004,0.0,0.0,0.0,90.2557316549839,0.0,0.0,0.0,56.9191467954434,25864350.0,0.0,0.0,0.0,0.0,0.0,0.0,0.0,0.0,LDCs
Uzbekistan,2005,0.0,49.16,0.0,91.6071223007336,0.0,0.0,0.0,57.0666935904687,26167000.0,0.0,0.0,0.0,0.0,0.0,0.0,0.0,0.0,LDCs
Uzbekistan,2006,0.0,0.0,0.0,92.9528902716046,0.0,0.0,0.0,57.2159593079957,26488250.0,0.0,0.0,0.0,0.0,0.0,0.0,0.0,0.0,LDCs
Uzbekistan,2007,300.856793145655,0.0,0.0,94.2561386459685,0.0,0.0,0.0,57.3664951935377,26868000.0,0.0,0.0,0.0,0.0,0.0,0.0,608.158404049427,16.34,LDCs
Uzbekistan,2008,0.0,0.0,0.0,95.4028610520739,0.0,0.0,0.0,57.5183863990056,27302800.0,0.0,0.0,0.0,11.0,0.0,1.0,0.0,0.0,LDCs
Vietnam,2000,0.0,0.0,0.0,80.1424678413572,0.0,0.0,0.0,0.0,79910412.0,20000000.0,20000000.0,0.0,0.0,0.0,0.0,0.0,0.0,LDCs
Vietnam,2001,0.0,0.0,0.0,81.0264478292601,0.0,0.0,0.0,0.0,80742499.0,154000000.0,154000000.0,0.0,0.0,0.0,0.0,0.0,0.0,LDCs
Vietnam,2002,0.0,0.0,0.0,81.9040527009087,0.0,14.2,85.0,0.0,81534407.0,0.0,0.0,0.0,0.0,0.0,0.0,4407.95503670003,359.4,LDCs
Vietnam,2003,0.0,0.0,0.0,82.7743531606012,0.0,0.0,0.0,0.0,82301656.0,7000000.0,7000000.0,0.0,0.0,0.0,0.0,0.0,0.0,LDCs
Vietnam,2004,0.0,0.0,0.0,83.6376323318833,0.0,0.0,0.0,0.0,83062821.0,0.0,0.0,0.0,0.0,0.0,0.0,0.0,0.0,LDCs
Vietnam,2005,0.0,81.86,0.0,84.4931872621285,0.0,0.0,0.0,0.0,83832661.0,92000000.0,92000000.0,0.0,0.0,0.0,0.0,0.0,0.0,LDCs
Vietnam,2006,0.0,0.0,0.0,85.3411234652861,0.0,0.0,0.0,0.0,84617540.0,0.0,0.0,0.0,0.0,0.0,0.0,0.0,0.0,LDCs
Vietnam,2007,22.7768503060657,0.0,0.0,86.1812026384377,0.0,0.0,0.0,0.0,85419591.0,0.0,0.0,0.0,0.0,0.0,0.0,4207.46570889107,359.4,LDCs
Vietnam,2008,0.0,0.0,0.0,87.0130703339267,0.0,0.0,0.0,0.0,86243413.0,0.0,0.0,0.0,0.0,0.0,0.0,0.0,0.0,LDCs
"Yemen, Rep.",2000,0.0,3.384,0.0,37.8469393864146,0.0,0.0,0.0,0.0,17409072.0,0.0,0.0,0.0,0.0,0.0,0.0,0.0,0.0,LDCs
"Yemen, Rep.",2001,0.0,0.0,0.0,38.0885757040151,0.0,0.0,0.0,0.0,17918373.0,0.0,0.0,0.0,0.0,0.0,0.0,0.0,0.0,LDCs
"Yemen, Rep.",2002,161.142857142857,0.0,0.0,38.3339258178082,0.0,0.0,0.0,0.0,18443691.0,0.0,0.0,0.0,0.0,0.0,0.0,113.860072802131,2.1,LDCs
"Yemen, Rep.",2003,0.0,0.0,0.0,40.345355525196,0.0,0.0,0.0,0.0,18985000.0,0.0,0.0,0.0,0.0,0.0,0.0,0.0,0.0,LDCs
"Yemen, Rep.",2004,0.0,0.0,0.0,42.3416828501961,0.0,0.0,0.0,0.0,19540098.0,0.0,0.0,0.0,0.0,0.0,0.0,0.0,0.0,LDCs
"Yemen, Rep.",2005,0.0,3.54,0.0,44.3217286886959,0.0,0.0,0.0,0.0,20107409.0,0.0,0.0,0.0,0.0,0.0,0.0,0.0,0.0,LDCs
"Yemen, Rep.",2006,0.0,0.0,0.0,46.2864276901029,0.0,0.0,0.0,0.0,20687646.0,0.0,0.0,0.0,0.0,0.0,0.0,0.0,0.0,LDCs
"Yemen, Rep.",2007,168.571428571429,0.0,0.0,48.2349935511235,0.0,0.0,0.0,0.0,21282515.0,0.0,0.0,0.0,0.0,0.0,0.0,98.6725488035601,2.1,LDCs
"Yemen, Rep.",2008,0.0,0.0,0.0,50.1670694829588,0.0,0.0,0.0,0.0,21892146.0,0.0,0.0,0.0,0.0,0.0,0.0,0.0,0.0,LDCs
"Yemen, Rep.",2017,0.0,0.0,0.0,63.4734743406448,0.0,0.0,0.0,0.0,27834821.0,0.0,0.0,0.0,0.0,0.0,0.0,0.0,0.0,LDCs
Zambia,2000,0.0,0.0,0.0,49.488840889051,0.0,0.0,0.0,0.0,10415944.0,0.0,0.0,0.0,0.0,0.0,0.0,0.0,0.0,LDCs
Zambia,2001,0.0,0.0,0.0,50.0370547557836,0.0,0.0,0.0,0.0,10692193.0,0.0,0.0,0.0,0.0,0.0,0.0,0.0,0.0,LDCs
Zambia,2002,1.96009975062344,1.572,0.0,50.7193370409331,11.5,63.2,22.1,0.0,10971698.0,0.0,0.0,0.0,0.0,32.2,0.0,7309.7163264975,80.2,LDCs
Zambia,2003,0.0,0.0,0.0,51.391524642467,0.0,0.0,0.0,0.0,11256743.0,0.0,0.0,0.0,0.0,0.0,0.0,0.0,0.0,LDCs
Zambia,2004,0.0,0.0,0.0,52.0536469426167,0.0,0.0,0.0,0.0,11550642.0,0.0,0.0,0.0,0.0,0.0,0.0,0.0,0.0,LDCs
Zambia,2005,0.0,0.0,0.0,52.7052428484937,0.0,0.0,0.0,0.0,11856247.0,0.0,0.0,0.0,0.0,0.0,0.0,0.0,0.0,LDCs
Zambia,2006,0.0,0.0,0.0,53.346858849176,0.0,0.0,0.0,0.0,12173514.0,0.0,0.0,0.0,0.0,0.0,0.0,0.0,0.0,LDCs
Zambia,2007,0.0,0.0,0.0,53.9780413795032,12.1,64.8,22.2,0.0,12502958.0,0.0,0.0,10.7,10.6,19.6,1.9,6414.48207696131,80.2,LDCs
Zambia,2008,0.0,0.0,0.0,54.599805448782,0.0,0.0,0.0,0.0,12848530.0,0.0,0.0,0.0,0.0,0.0,0.0,0.0,0.0,LDCs
Zambia,2009,0.0,0.0,0.0,55.2102891721828,0.0,0.0,0.0,0.0,13215139.0,0.0,0.0,0.0,0.0,0.0,0.0,0.0,0.0,LDCs
Zimbabwe,2000,0.0,0.0,0.0,71.7264792839721,0.0,0.0,0.0,0.0,11881477.0,0.0,0.0,0.0,0.0,0.0,0.0,0.0,0.0,LDCs
Zimbabwe,2001,0.0,0.0,0.0,71.8710827225154,0.0,0.0,0.0,0.0,11923914.0,0.0,0.0,0.0,0.0,0.0,0.0,0.0,0.0,LDCs
Zimbabwe,2002,34.2985318107667,4.205,0.0,71.5724611786784,0.0,0.0,0.0,0.0,11954290.0,0.0,0.0,0.0,0.0,0.0,0.0,1025.5732460899,12.26,LDCs
Zimbabwe,2003,0.0,0.0,0.0,71.0912425189365,0.0,0.0,0.0,0.0,11982224.0,0.0,0.0,0.0,0.0,0.0,0.0,0.0,0.0,LDCs
Zimbabwe,2004,0.0,0.0,0.0,70.5811912114766,0.0,0.0,0.0,0.0,12019912.0,0.0,0.0,0.0,0.0,0.0,0.0,0.0,0.0,LDCs
Zimbabwe,2005,0.0,0.0,0.0,70.0708755075474,0.0,0.0,0.0,0.0,12076699.0,0.0,0.0,0.0,0.0,0.0,0.0,0.0,0.0,LDCs
Zimbabwe,2006,0.0,0.0,0.0,69.5599472231438,15.1,38.2,46.3,0.0,12155491.0,0.0,0.0,0.0,0.0,0.0,0.0,0.0,0.0,LDCs
Zimbabwe,2007,29.1190864600326,3.57,0.0,69.0488060375899,0.0,0.0,0.0,0.0,12255922.0,0.0,0.0,0.0,0.0,0.0,0.0,1000.33273710456,12.26,LDCs
Zimbabwe,2008,0.0,0.0,0.0,68.5370924405912,0.0,0.0,0.0,0.0,12379549.0,0.0,0.0,0.0,0.0,0.0,0.0,0.0,0.0,LDCs
Zimbabwe,2009,0.0,0.0,0.0,68.0252180622659,0.0,0.0,0.0,0.0,12526968.0,0.0,0.0,0.0,0.0,0.0,0.0,0.0,0.0,LDCs
Zimbabwe,2010,0.0,0.0,0.0,67.5128082116709,0.0,0.0,0.0,0.0,12697723.0,0.0,0.0,0.0,0.0,0.0,0.0,0.0,0.0,LDCs
Zimbabwe,2011,0.0,0.0,0.0,67.0002860584168,10.8,46.0,42.4,0.0,12894316.0,0.0,0.0,26.2,26.2,0.0,2.5,0.0,0.0,LDCs
Zimbabwe,2012,0.0,0.0,0.0,66.4872626897506,0.0,0.0,0.0,0.0,13115131.0,0.0,0.0,0.0,0.0,0.0,0.0,934.798135070096,12.26,LDCs
Zimbabwe,2013,0.0,0.0,0.0,65.9741714274826,0.0,0.0,0.0,0.0,13350356.0,0.0,0.0,0.0,0.0,0.0,0.0,0.0,0.0,LDCs
Zimbabwe,2014,0.0,0.0,24.287928,65.4733813413558,0.0,0.0,0.0,0.0,13586681.0,0.0,0.0,0.0,0.0,0.0,0.0,902.354298301403,12.26,LDCs
Zimbabwe,2015,0.0,0.0,0.0,64.9858310220914,16.5,45.4,37.6,0.0,13814629.0,0.0,0.0,0.0,0.0,0.0,0.0,0.0,0.0,LDCs
Zimbabwe,2016,0.0,0.0,0.0,64.5116160376193,0.0,0.0,0.0,0.0,14030390.0,0.0,0.0,0.0,0.0,0.0,1.5,0.0,0.0,LDCs
Zimbabwe,2017,0.0,0.0,0.0,64.0512297035443,0.0,0.0,0.0,0.0,14236745.0,0.0,0.0,0.0,0.0,0.0,0.0,0.0,0.0,LDCs
